-- GeoResults database generated install script (c) SebCsaba 2006
CREATE TABLE k_nyelvek ( lang VARCHAR(2) NOT NULL, PRIMARY KEY (lang) );
CREATE TABLE k_orszagok ( country VARCHAR(2) NOT NULL, PRIMARY KEY (country) );
CREATE TABLE k_szotarbejegyzesek ( lang VARCHAR(2) NOT NULL, keystr VARCHAR(50) NOT NULL, valuestr VARCHAR(250) NOT NULL, PRIMARY KEY (lang, keystr) );
CREATE TABLE v_versenyek ( vid INTEGER PRIMARY KEY AUTOINCREMENT, nev VARCHAR(250) NOT NULL, kezdeteDatum DATE NOT NULL, vegeDatum DATE NOT NULL, alapNyelv VARCHAR(2) NOT NULL, menetlevelformula VARCHAR(250) NOT NULL, eredmenyFrissitendoMindenEtap INT NOT NULL, eredmenyFrissitendoMindenSzlalom INT NOT NULL, eredmenyFrissitendoVerseny INT NOT NULL, eredmenyFrissitendoCsapat INT NOT NULL, lezarva DATE NULL );
CREATE TABLE v_szlalomok ( szlid INTEGER PRIMARY KEY AUTOINCREMENT, szid INTEGER NOT NULL, vid INTEGER NOT NULL, nev VARCHAR(50) NOT NULL, ertekelendo INT NOT NULL, eredmenyFrissitendo INT NOT NULL );
CREATE TABLE v_etapok ( eid INTEGER PRIMARY KEY AUTOINCREMENT, szid INTEGER NOT NULL, vid INTEGER NOT NULL, nev VARCHAR(50) NOT NULL, idoLimit INT NOT NULL, menetlevelformula VARCHAR(250) NULL, ertekelendo INT NOT NULL, eredmenyFrissitendo INT NOT NULL );
CREATE TABLE v_szakaszok ( szid INTEGER PRIMARY KEY AUTOINCREMENT, vid INTEGER NOT NULL, nev VARCHAR(50) NOT NULL, megengedettKesesEtaponkent INT NOT NULL, kesesertBuntetoPont INT NOT NULL, szlalomRedukaltPontokkal INT NOT NULL, ertekelendo INT NOT NULL, eredmenyFrissitendo INT NOT NULL );
CREATE TABLE a_szlalomkategoriak ( szkid INTEGER PRIMARY KEY AUTOINCREMENT, vid INTEGER NOT NULL, nev VARCHAR(50) NOT NULL );
CREATE TABLE a_autotipusok ( atid INTEGER PRIMARY KEY AUTOINCREMENT, vid INTEGER NOT NULL, nev VARCHAR(50) NOT NULL, kategoria INTEGER NOT NULL );
CREATE TABLE a_buntetestipusok ( btid INTEGER PRIMARY KEY AUTOINCREMENT, vid INTEGER NOT NULL, nev VARCHAR(50) NOT NULL, pont INT NOT NULL );
CREATE TABLE a_kesesizonak ( vid INTEGER NOT NULL, idoLimit INT NOT NULL, pont INT NOT NULL, PRIMARY KEY (vid, idoLimit) );
CREATE TABLE a_szlalomfeladatok ( szfid INTEGER PRIMARY KEY AUTOINCREMENT, vid INTEGER NOT NULL, nev VARCHAR(50) NOT NULL, pont INT NOT NULL );
CREATE TABLE a_versenyszotarbejegyzesek ( vid INTEGER NOT NULL, vszbid INTEGER NOT NULL, lang VARCHAR(2) NOT NULL, felirat VARCHAR(250) NOT NULL, PRIMARY KEY (vid, vszbid, lang) );
CREATE TABLE a_ellenorzopontok ( sfftid INTEGER NOT NULL, felirat VARCHAR(20) NOT NULL, PRIMARY KEY (sfftid, felirat) );
CREATE TABLE a_darabfuggofeladattipusok ( dfftid INTEGER PRIMARY KEY AUTOINCREMENT, vid INTEGER NOT NULL, nev VARCHAR(50) NOT NULL, hianyHibapont INT NOT NULL, tobbletHibapont INT NOT NULL );
CREATE TABLE a_sorrendfuggofeladattipusok ( sfftid INTEGER PRIMARY KEY AUTOINCREMENT, vid INTEGER NOT NULL, nev VARCHAR(50) NOT NULL, hianyHibapont INT NOT NULL, tobbletHibapont INT NOT NULL, reszletesBevitel INT NOT NULL, ellenorzesTipus INT NOT NULL );
CREATE TABLE n_nevezesek ( vid INTEGER NOT NULL, rajtszam INT NOT NULL, sofor VARCHAR(250) NOT NULL, navigator VARCHAR(250) NOT NULL, utas1 VARCHAR(250) NULL, utas2 VARCHAR(250) NULL, utas3 VARCHAR(250) NULL, orszag VARCHAR(2) NOT NULL, autoTipus INTEGER NOT NULL, PRIMARY KEY (vid, rajtszam) );
CREATE TABLE n_csapatnevezesek ( csnid INTEGER PRIMARY KEY AUTOINCREMENT, vid INTEGER NOT NULL, nev VARCHAR(250) NOT NULL, rajtszam1 INT NOT NULL, rajtszam2 INT NOT NULL, rajtszam3 INT NOT NULL, rajtszam4 INT NULL );
CREATE TABLE e_darabfuggoetapfeladatetalonbejegyzesek ( eid INTEGER NOT NULL, dfftid INTEGER NOT NULL, posindex INT NOT NULL, cimke VARCHAR(20) NOT NULL, darab INT NOT NULL, PRIMARY KEY (eid, dfftid, posindex) );
CREATE TABLE e_darabfuggoetapfeladatok ( eid INTEGER NOT NULL, dfftid INTEGER NOT NULL, PRIMARY KEY (eid, dfftid) );
CREATE TABLE e_sorrendfuggoetapfeladatetalonbejegyzesek ( eid INTEGER NOT NULL, sfftid INTEGER NOT NULL, posindex INT NOT NULL, felirat VARCHAR(20) NOT NULL, ervenyes INT NOT NULL, PRIMARY KEY (eid, sfftid, posindex) );
CREATE TABLE e_sorrendfuggoetapfeladatok ( eid INTEGER NOT NULL, sfftid INTEGER NOT NULL, reszletesBevitel INT NOT NULL, ellenorzesTipus INT NULL, darab INT NULL, PRIMARY KEY (eid, sfftid) );
CREATE TABLE s_szlalombejegyzesek ( szlid INTEGER NOT NULL, rajtszam INT NOT NULL, szfid INTEGER NOT NULL, darab INT NOT NULL, PRIMARY KEY (szlid, rajtszam, szfid) );
CREATE TABLE s_szlalomfutamok ( szlid INTEGER NOT NULL, rajtszam INT NOT NULL, vid INTEGER NOT NULL, PRIMARY KEY (szlid, rajtszam) );
CREATE TABLE m_buntetesek ( eid INTEGER NOT NULL, rajtszam INT NOT NULL, btid INTEGER NOT NULL, darab INT NOT NULL, PRIMARY KEY (eid, rajtszam, btid) );
CREATE TABLE m_darabfuggomenetlevelbejegyzesek ( eid INTEGER NOT NULL, rajtszam INT NOT NULL, dfftid INTEGER NOT NULL, posindex INT NOT NULL, darab INT NOT NULL, PRIMARY KEY (eid, rajtszam, dfftid, posindex) );
CREATE TABLE m_darabfuggofeladatmegoldasok ( eid INTEGER NOT NULL, rajtszam INT NOT NULL, dfftid INTEGER NOT NULL, PRIMARY KEY (eid, rajtszam, dfftid) );
CREATE TABLE m_sorrendfuggomenetlevelbejegyzesek ( eid INTEGER NOT NULL, rajtszam INT NOT NULL, sfftid INTEGER NOT NULL, posindex INT NOT NULL, felirat VARCHAR(20) NOT NULL, PRIMARY KEY (eid, rajtszam, sfftid, posindex) );
CREATE TABLE m_sorrendfuggofeladatmegoldasok ( eid INTEGER NOT NULL, rajtszam INT NOT NULL, sfftid INTEGER NOT NULL, helyes INT NULL, hibas INT NULL, PRIMARY KEY (eid, rajtszam, sfftid) );
CREATE TABLE m_menetlevelek ( eid INTEGER NOT NULL, rajtszam INT NOT NULL, vid INTEGER NOT NULL, indulasiIdo INT NOT NULL, erkezesiIdo INT NOT NULL, PRIMARY KEY (eid, rajtszam) );
CREATE TABLE r_csapateredmenyek ( csnid INTEGER NOT NULL, vid INTEGER NOT NULL, nev VARCHAR(250) NOT NULL, rajtszam1 INT NOT NULL, rajtszam2 INT NOT NULL, rajtszam3 INT NOT NULL, pontszam INT NOT NULL, PRIMARY KEY (csnid) );
CREATE TABLE r_szlalomeredmenyek ( szlid INTEGER NOT NULL, rajtszam INT NOT NULL, vid INTEGER NOT NULL, pontszam INT NOT NULL, kategoria INTEGER NOT NULL, PRIMARY KEY (szlid, rajtszam) );
CREATE TABLE r_szlalomosszesitetteredmenyek ( szid INTEGER NOT NULL, rajtszam INT NOT NULL, vid INTEGER NOT NULL, kategoria INTEGER NOT NULL, pontszam INT NOT NULL, atvittPontszam INT NOT NULL, PRIMARY KEY (szid, rajtszam) );
CREATE TABLE r_versenyeredmenyek ( vid INTEGER NOT NULL, rajtszam INT NOT NULL, pontszam INT NOT NULL, PRIMARY KEY (vid, rajtszam) );
CREATE TABLE r_mindenetaperedmenyek ( vid INTEGER NOT NULL, rajtszam INT NOT NULL, pontszam INT NOT NULL, PRIMARY KEY (vid, rajtszam) );
CREATE TABLE r_mindenszlalomeredmenyek ( vid INTEGER NOT NULL, rajtszam INT NOT NULL, kategoria INTEGER NOT NULL, pontszam INT NOT NULL, PRIMARY KEY (vid, rajtszam) );
CREATE TABLE r_szakaszeredmenyek ( szid INTEGER NOT NULL, rajtszam INT NOT NULL, vid INTEGER NOT NULL, keses INT NOT NULL, pontszam INT NOT NULL, PRIMARY KEY (szid, rajtszam) );
CREATE TABLE r_sorrendfuggofeladatkiertekelesek ( eid INTEGER NOT NULL, rajtszam INT NOT NULL, sfftid INTEGER NOT NULL, posindex INT NOT NULL, menetlevelFelirat VARCHAR(20) NULL, etalonFelirat VARCHAR(20) NULL, tipus INT NOT NULL, PRIMARY KEY (eid, rajtszam, sfftid, posindex) );
CREATE TABLE r_sorrendfuggofeladateredmenyek ( eid INTEGER NOT NULL, rajtszam INT NOT NULL, sfftid INTEGER NOT NULL, hiany INT NOT NULL, tobblet INT NOT NULL, pontszam INT NOT NULL, PRIMARY KEY (eid, rajtszam, sfftid) );
CREATE TABLE r_darabfuggofeladateredmenyek ( eid INTEGER NOT NULL, rajtszam INT NOT NULL, dfftid INTEGER NOT NULL, hiany INT NOT NULL, tobblet INT NOT NULL, pontszam INT NOT NULL, PRIMARY KEY (eid, rajtszam, dfftid) );
CREATE TABLE r_etaperedmenyek ( eid INTEGER NOT NULL, rajtszam INT NOT NULL, vid INTEGER NOT NULL, kesesPerc INT NOT NULL, kesesPont INT NOT NULL, buntetoPont INT NOT NULL, pontszam INT NOT NULL, PRIMARY KEY (eid, rajtszam) );
-- GeoResults database export (c) SebCsaba 2006 - languages
INSERT INTO k_nyelvek (lang) VALUES ('en');
INSERT INTO k_nyelvek (lang) VALUES ('hu');
-- GeoResults database export (c) SebCsaba 2006 - countries
INSERT INTO k_orszagok VALUES ('hu');
INSERT INTO k_orszagok VALUES ('cz');
INSERT INTO k_orszagok VALUES ('sk');
INSERT INTO k_orszagok VALUES ('pl');
INSERT INTO k_orszagok VALUES ('ro');
-- GeoResults database export (c) SebCsaba 2006 - dictionaries
INSERT INTO k_szotarbejegyzesek (lang,keystr,valuestr) VALUES ('hu','BS_ADATBEVITEL','Adatbevitel');
INSERT INTO k_szotarbejegyzesek (lang,keystr,valuestr) VALUES ('hu','BS_ADATOK','Adatok');
INSERT INTO k_szotarbejegyzesek (lang,keystr,valuestr) VALUES ('hu','BS_BEJEGYZES','Bejegyzés');
INSERT INTO k_szotarbejegyzesek (lang,keystr,valuestr) VALUES ('hu','BS_BEJEGYZESEK','Bejegyzések');
INSERT INTO k_szotarbejegyzesek (lang,keystr,valuestr) VALUES ('hu','BS_BETOLTES','Betöltés');
INSERT INTO k_szotarbejegyzesek (lang,keystr,valuestr) VALUES ('hu','BS_BEVITEL','Bevitel');
INSERT INTO k_szotarbejegyzesek (lang,keystr,valuestr) VALUES ('hu','BS_CIMKE','Címke');
INSERT INTO k_szotarbejegyzesek (lang,keystr,valuestr) VALUES ('hu','BS_DARAB','Darab');
INSERT INTO k_szotarbejegyzesek (lang,keystr,valuestr) VALUES ('hu','BS_EGYEB','Egyéb');
INSERT INTO k_szotarbejegyzesek (lang,keystr,valuestr) VALUES ('hu','BS_EREDMENY','Eredmény');
INSERT INTO k_szotarbejegyzesek (lang,keystr,valuestr) VALUES ('hu','BS_EREDMENYEK','Eredmények');
INSERT INTO k_szotarbejegyzesek (lang,keystr,valuestr) VALUES ('hu','BS_FEL','Fel');
INSERT INTO k_szotarbejegyzesek (lang,keystr,valuestr) VALUES ('hu','BS_FELADAT','Feladat');
INSERT INTO k_szotarbejegyzesek (lang,keystr,valuestr) VALUES ('hu','BS_FELIRAT','Felirat');
INSERT INTO k_szotarbejegyzesek (lang,keystr,valuestr) VALUES ('hu','BS_FELVITEL','Felvitel');
INSERT INTO k_szotarbejegyzesek (lang,keystr,valuestr) VALUES ('hu','BS_FRISSITES','Frissítés');
INSERT INTO k_szotarbejegyzesek (lang,keystr,valuestr) VALUES ('hu','BS_HELY','Hely');
INSERT INTO k_szotarbejegyzesek (lang,keystr,valuestr) VALUES ('hu','BS_HELYES','Helyes');
INSERT INTO k_szotarbejegyzesek (lang,keystr,valuestr) VALUES ('hu','BS_HIBAS','Hibás');
INSERT INTO k_szotarbejegyzesek (lang,keystr,valuestr) VALUES ('hu','BS_IDO','Idő');
INSERT INTO k_szotarbejegyzesek (lang,keystr,valuestr) VALUES ('hu','BS_KOVETKEZO','Következő');
INSERT INTO k_szotarbejegyzesek (lang,keystr,valuestr) VALUES ('hu','BS_KULONBSEG','Különbség');
INSERT INTO k_szotarbejegyzesek (lang,keystr,valuestr) VALUES ('hu','BS_LE','Le');
INSERT INTO k_szotarbejegyzesek (lang,keystr,valuestr) VALUES ('hu','BS_LETREHOZAS','Létrehozás');
INSERT INTO k_szotarbejegyzesek (lang,keystr,valuestr) VALUES ('hu','BS_MEGJELENITES','Megjelenítés');
INSERT INTO k_szotarbejegyzesek (lang,keystr,valuestr) VALUES ('hu','BS_MEGNOVEL','Megnövel');
INSERT INTO k_szotarbejegyzesek (lang,keystr,valuestr) VALUES ('hu','BS_MENTES','Mentés');
INSERT INTO k_szotarbejegyzesek (lang,keystr,valuestr) VALUES ('hu','BS_MENTES_ES_BETOLTES','Mentés és betöltés');
INSERT INTO k_szotarbejegyzesek (lang,keystr,valuestr) VALUES ('hu','BS_MENTES_ES_MEGNOVEL','Mentés és megnövelés');
INSERT INTO k_szotarbejegyzesek (lang,keystr,valuestr) VALUES ('hu','BS_MODOSITVA','Módosítva');
INSERT INTO k_szotarbejegyzesek (lang,keystr,valuestr) VALUES ('hu','BS_MONTH_1','Január');
INSERT INTO k_szotarbejegyzesek (lang,keystr,valuestr) VALUES ('hu','BS_MONTH_2','Február');
INSERT INTO k_szotarbejegyzesek (lang,keystr,valuestr) VALUES ('hu','BS_MONTH_3','Március');
INSERT INTO k_szotarbejegyzesek (lang,keystr,valuestr) VALUES ('hu','BS_MONTH_4','Április');
INSERT INTO k_szotarbejegyzesek (lang,keystr,valuestr) VALUES ('hu','BS_MONTH_5','Május');
INSERT INTO k_szotarbejegyzesek (lang,keystr,valuestr) VALUES ('hu','BS_MONTH_6','Június');
INSERT INTO k_szotarbejegyzesek (lang,keystr,valuestr) VALUES ('hu','BS_MONTH_7','Július');
INSERT INTO k_szotarbejegyzesek (lang,keystr,valuestr) VALUES ('hu','BS_MONTH_8','Augusztus');
INSERT INTO k_szotarbejegyzesek (lang,keystr,valuestr) VALUES ('hu','BS_MONTH_9','Szeptember');
INSERT INTO k_szotarbejegyzesek (lang,keystr,valuestr) VALUES ('hu','BS_MONTH_10','Október');
INSERT INTO k_szotarbejegyzesek (lang,keystr,valuestr) VALUES ('hu','BS_MONTH_11','November');
INSERT INTO k_szotarbejegyzesek (lang,keystr,valuestr) VALUES ('hu','BS_MONTH_12','December');
INSERT INTO k_szotarbejegyzesek (lang,keystr,valuestr) VALUES ('hu','BS_NEM_VOLT_MODOSITVA','Nem volt módosítva');
INSERT INTO k_szotarbejegyzesek (lang,keystr,valuestr) VALUES ('hu','BS_NEV','Név');
INSERT INTO k_szotarbejegyzesek (lang,keystr,valuestr) VALUES ('hu','BS_NYELV','Nyelv');
INSERT INTO k_szotarbejegyzesek (lang,keystr,valuestr) VALUES ('hu','BS_NYOMTATAS','Nyomtatás');
INSERT INTO k_szotarbejegyzesek (lang,keystr,valuestr) VALUES ('hu','BS_OK','Ok');
INSERT INTO k_szotarbejegyzesek (lang,keystr,valuestr) VALUES ('hu','BS_ORSZAG','Ország');
INSERT INTO k_szotarbejegyzesek (lang,keystr,valuestr) VALUES ('hu','BS_OSSZES','Összes');
INSERT INTO k_szotarbejegyzesek (lang,keystr,valuestr) VALUES ('hu','BS_PERC','Perc');
INSERT INTO k_szotarbejegyzesek (lang,keystr,valuestr) VALUES ('hu','BS_PONT','Pont');
INSERT INTO k_szotarbejegyzesek (lang,keystr,valuestr) VALUES ('hu','BS_POPUP','Felugró');
INSERT INTO k_szotarbejegyzesek (lang,keystr,valuestr) VALUES ('hu','BS_SABLON','Sablon');
INSERT INTO k_szotarbejegyzesek (lang,keystr,valuestr) VALUES ('hu','BS_SZERKESZTES','Szerkesztés');
INSERT INTO k_szotarbejegyzesek (lang,keystr,valuestr) VALUES ('hu','BS_TORLES','Törlés');
INSERT INTO k_szotarbejegyzesek (lang,keystr,valuestr) VALUES ('hu','BS_UJ','Új');
INSERT INTO k_szotarbejegyzesek (lang,keystr,valuestr) VALUES ('hu','BS_UJRA','Újra');
INSERT INTO k_szotarbejegyzesek (lang,keystr,valuestr) VALUES ('hu','BS_URES','Üres');
INSERT INTO k_szotarbejegyzesek (lang,keystr,valuestr) VALUES ('hu','BS_VALASSZ','Válassz');
INSERT INTO k_szotarbejegyzesek (lang,keystr,valuestr) VALUES ('hu','BS_VISSZA','Vissza');
INSERT INTO k_szotarbejegyzesek (lang,keystr,valuestr) VALUES ('hu','DC_ALAP_NYELV','Alapnyelv');
INSERT INTO k_szotarbejegyzesek (lang,keystr,valuestr) VALUES ('hu','DC_A_NYELV_ONMAGA','Így nevezi önmagát a nyelv');
INSERT INTO k_szotarbejegyzesek (lang,keystr,valuestr) VALUES ('hu','DC_EGY_ADOTT_NYELVU_FORDITAS','Egy adott nyelvű fordítás');
INSERT INTO k_szotarbejegyzesek (lang,keystr,valuestr) VALUES ('hu','DC_FORDITAS','Fordítás');
INSERT INTO k_szotarbejegyzesek (lang,keystr,valuestr) VALUES ('hu','DC_FORDITAS_ELERHETO','Fordítás elérhető');
INSERT INTO k_szotarbejegyzesek (lang,keystr,valuestr) VALUES ('hu','DC_FORDITAS_LETREHOZASA','Fordítás létrehozása');
INSERT INTO k_szotarbejegyzesek (lang,keystr,valuestr) VALUES ('hu','DC_FORDITAS_MODOSITASA','Fordítás módosítása');
INSERT INTO k_szotarbejegyzesek (lang,keystr,valuestr) VALUES ('hu','DC_FORDITAS_NEM_ELERHETO','Fordítás nincs');
INSERT INTO k_szotarbejegyzesek (lang,keystr,valuestr) VALUES ('hu','DC_FORDITASOK','Fordítások');
INSERT INTO k_szotarbejegyzesek (lang,keystr,valuestr) VALUES ('hu','DC_KETBETUS_KOD','Kétbetűs kód');
INSERT INTO k_szotarbejegyzesek (lang,keystr,valuestr) VALUES ('hu','DC_MELYIK_NYELV_NEVE','Melyik nyelv neve?');
INSERT INTO k_szotarbejegyzesek (lang,keystr,valuestr) VALUES ('hu','DC_MELYIK_NYELVEN','Melyik nyelven?');
INSERT INTO k_szotarbejegyzesek (lang,keystr,valuestr) VALUES ('hu','DC_MELYIK_NYELVRE_ALAPOZZA_A_FORDITAST','Melyik nyelvre alapozza a fordítást?');
INSERT INTO k_szotarbejegyzesek (lang,keystr,valuestr) VALUES ('hu','DC_MELYIK_ORSZAG_NEVE','Melyik ország neve?');
INSERT INTO k_szotarbejegyzesek (lang,keystr,valuestr) VALUES ('hu','DC_NYELV_FORDITASA','Nyelv nevének lefordítása');
INSERT INTO k_szotarbejegyzesek (lang,keystr,valuestr) VALUES ('hu','DC_NYELVEK','Nyelvek');
INSERT INTO k_szotarbejegyzesek (lang,keystr,valuestr) VALUES ('hu','DC_NYELVI_ADATOK','Nyelvi adatok');
INSERT INTO k_szotarbejegyzesek (lang,keystr,valuestr) VALUES ('hu','DC_NYELVVALTAS','Nyelvváltás');
INSERT INTO k_szotarbejegyzesek (lang,keystr,valuestr) VALUES ('hu','DC_ORSZAG_FORDITASA','Országnév fordítása');
INSERT INTO k_szotarbejegyzesek (lang,keystr,valuestr) VALUES ('hu','DC_ORSZAG_NEVE','Az ország neve');
INSERT INTO k_szotarbejegyzesek (lang,keystr,valuestr) VALUES ('hu','DC_ORSZAGOK','Országok');
INSERT INTO k_szotarbejegyzesek (lang,keystr,valuestr) VALUES ('hu','DC_SZO','Szó');
INSERT INTO k_szotarbejegyzesek (lang,keystr,valuestr) VALUES ('hu','DC_SZO_AZ_AKTUALIS_NYELVEN','Szó az aktuális nyelven');
INSERT INTO k_szotarbejegyzesek (lang,keystr,valuestr) VALUES ('hu','DC_SZO_AZ_ALAP_NYELVEN','Szó a verseny alapnyelvén');
INSERT INTO k_szotarbejegyzesek (lang,keystr,valuestr) VALUES ('hu','DC_SZO_FELVITELE','Szó felvitele');
INSERT INTO k_szotarbejegyzesek (lang,keystr,valuestr) VALUES ('hu','DC_SZOTAR','Szótár');
INSERT INTO k_szotarbejegyzesek (lang,keystr,valuestr) VALUES ('hu','DC_UJ_NYELV','Új nyelv definiálása');
INSERT INTO k_szotarbejegyzesek (lang,keystr,valuestr) VALUES ('hu','DC_UJ_ORSZAG','Új ország definiálása');
INSERT INTO k_szotarbejegyzesek (lang,keystr,valuestr) VALUES ('hu','DC_VALASSZ_CSOPORTOT','Válassz csoportot');
INSERT INTO k_szotarbejegyzesek (lang,keystr,valuestr) VALUES ('hu','DC_VALASSZ_NYELVET','Válassz nyelvet');
INSERT INTO k_szotarbejegyzesek (lang,keystr,valuestr) VALUES ('hu','DC_VALTSON_NYELVET_A_FORDITASHOZ','Az új nyelvhez tartozó szavak és kifejezések lefordításához váltson át az új nyelvre, majd válassza a Fordítások menüpontot');
INSERT INTO k_szotarbejegyzesek (lang,keystr,valuestr) VALUES ('hu','DC_VERSENY_SZOTAR_BEJEGYZES_ADATAI','Versenyszótár-bejegyzés adatai');
INSERT INTO k_szotarbejegyzesek (lang,keystr,valuestr) VALUES ('hu','DC_X_NYELVEN','nyelven');
INSERT INTO k_szotarbejegyzesek (lang,keystr,valuestr) VALUES ('hu','DC_BS_TITLE','Alapszavak');
INSERT INTO k_szotarbejegyzesek (lang,keystr,valuestr) VALUES ('hu','DC_DC_TITLE','Szótárral kapcsolatos kifejezések');
INSERT INTO k_szotarbejegyzesek (lang,keystr,valuestr) VALUES ('hu','DC_ER_TITLE','Hibaüzenetek');
INSERT INTO k_szotarbejegyzesek (lang,keystr,valuestr) VALUES ('hu','DC_FT_TITLE','Funkciókhoz tartozó kifejezések');
INSERT INTO k_szotarbejegyzesek (lang,keystr,valuestr) VALUES ('hu','DC_IF_TITLE','Importáláshoz tartozó kifejezések');
INSERT INTO k_szotarbejegyzesek (lang,keystr,valuestr) VALUES ('hu','DC_RA_TITLE','Versenyhez tartozó alapvető szavak');
INSERT INTO k_szotarbejegyzesek (lang,keystr,valuestr) VALUES ('hu','DC_RB_TITLE','Versenyhez tartozó további szavak');
INSERT INTO k_szotarbejegyzesek (lang,keystr,valuestr) VALUES ('hu','DC_LG_TITLE','Nelvek nevei');
INSERT INTO k_szotarbejegyzesek (lang,keystr,valuestr) VALUES ('hu','DC_CY_TITLE','Országok nevei');
INSERT INTO k_szotarbejegyzesek (lang,keystr,valuestr) VALUES ('hu','ER_ADAT_NINCS_KIJELOLVE','Adat nincs kijelölve');
INSERT INTO k_szotarbejegyzesek (lang,keystr,valuestr) VALUES ('hu','ER_ALAPADAT_FFRISSITENDO','Alapadat frissítendő');
INSERT INTO k_szotarbejegyzesek (lang,keystr,valuestr) VALUES ('hu','ER_ALAPNYELVI_SZO_NEM_TOROLHETO','Alapnyelvi szó nem törölhető');
INSERT INTO k_szotarbejegyzesek (lang,keystr,valuestr) VALUES ('hu','ER_AUTO_MASIK_CSAPATBAN','Az egyik autó már szerepel egy másik csapatban');
INSERT INTO k_szotarbejegyzesek (lang,keystr,valuestr) VALUES ('hu','ER_AZONOS_RAJTSZAMOK','Azonos rajtszám nem szerepelhet kétszer a csapatban');
INSERT INTO k_szotarbejegyzesek (lang,keystr,valuestr) VALUES ('hu','ER_BACKUP','Hiba a biztonsági mentés során');
INSERT INTO k_szotarbejegyzesek (lang,keystr,valuestr) VALUES ('hu','ER_DUPLA_IDOLIMIT','Már létezik ilyen időkorláttal késési időzóna');
INSERT INTO k_szotarbejegyzesek (lang,keystr,valuestr) VALUES ('hu','ER_DUPLA_RAJTSZAM','Már létezik ilyen rajtszámú autó');
INSERT INTO k_szotarbejegyzesek (lang,keystr,valuestr) VALUES ('hu','ER_FORDITAS_NEM_LETEZIK_AZ_ALAPNYELVEN','Egy szó nem importálható, mert nem létezik hozzá fordítás az alapnyelven');
INSERT INTO k_szotarbejegyzesek (lang,keystr,valuestr) VALUES ('hu','ER_HIANYZO_ADAT','Nem frissíthető, mert hiányzik hozzá adat');
INSERT INTO k_szotarbejegyzesek (lang,keystr,valuestr) VALUES ('hu','ER_HIBAS_ALAPNYELV','A kijelölt nyelv nem használható alapnyelvként');
INSERT INTO k_szotarbejegyzesek (lang,keystr,valuestr) VALUES ('hu','ER_HIBAS_KOD','Hibás kód');
INSERT INTO k_szotarbejegyzesek (lang,keystr,valuestr) VALUES ('hu','ER_HIBAS_NEV','Hibás megnevezés');
INSERT INTO k_szotarbejegyzesek (lang,keystr,valuestr) VALUES ('hu','ER_HIBAS_SABLON_VALASZTAS','Nincs megfelelő sablon kijelölve');
INSERT INTO k_szotarbejegyzesek (lang,keystr,valuestr) VALUES ('hu','ER_IMPORTALASI_HIBA','Hiba történt az importálás során');
INSERT INTO k_szotarbejegyzesek (lang,keystr,valuestr) VALUES ('hu','ER_LEZARAS_MIATT_NEM_HAJTHATO_VEGRE','A verseny le van zárva, ezért a kívánt művelet nem hajtható vége');
INSERT INTO k_szotarbejegyzesek (lang,keystr,valuestr) VALUES ('hu','ER_MAR_LETEZIK_ILYEN_NEV','Már létezik ilyen név');
INSERT INTO k_szotarbejegyzesek (lang,keystr,valuestr) VALUES ('hu','ER_MAR_LETEZO_FELADATTIPUS','Már van ilyen feladattípus hozzárendelve az etaphoz');
INSERT INTO k_szotarbejegyzesek (lang,keystr,valuestr) VALUES ('hu','ER_MAR_LETEZO_KOD','Már létezik ilyen kód');
INSERT INTO k_szotarbejegyzesek (lang,keystr,valuestr) VALUES ('hu','ER_NEM_LEHET_ADATOT_FELVINNI_NINCS_AUTOTIPUS','Nem lehet adatot felvinni, mert nincs autótípus');
INSERT INTO k_szotarbejegyzesek (lang,keystr,valuestr) VALUES ('hu','ER_NEM_LEHET_ADATOT_FELVINNI_NINCS_EGYENI_NEVEZES','Nem lehet adatot felvinni, mert nincs egyéni nevezés');
INSERT INTO k_szotarbejegyzesek (lang,keystr,valuestr) VALUES ('hu','ER_NEM_LEHET_ADATOT_FELVINNI_NINCS_ETAP','Nem lehet adatot felvinni, mert nincs etap');
INSERT INTO k_szotarbejegyzesek (lang,keystr,valuestr) VALUES ('hu','ER_NEM_LEHET_ADATOT_FELVINNI_NINCS_SZLALOM','Nem lehet adatot felvinni, mert nincs szlalom');
INSERT INTO k_szotarbejegyzesek (lang,keystr,valuestr) VALUES ('hu','ER_NEM_LETEZIK_DARABFUGGO_FELADAT_TIPUS','Nincs darabszám-függő feladat-típus');
INSERT INTO k_szotarbejegyzesek (lang,keystr,valuestr) VALUES ('hu','ER_NEM_LETEZIK_SORRENDFUGGO_FELADAT_TIPUS','Nincs sorrend-függő feladat-típus');
INSERT INTO k_szotarbejegyzesek (lang,keystr,valuestr) VALUES ('hu','ER_NEM_LETEZIK_SZLALOM_KATEGORIA','Nincs szlalom-kategória');
INSERT INTO k_szotarbejegyzesek (lang,keystr,valuestr) VALUES ('hu','ER_NEM_LETEZO_RAJTSZAM','Nincs ilyen rajtszám');
INSERT INTO k_szotarbejegyzesek (lang,keystr,valuestr) VALUES ('hu','ER_NEM_MEGJELENITHETO_MERT_FRISSITENDO','Nem lehet megjeleníteni, mert frissítendő');
INSERT INTO k_szotarbejegyzesek (lang,keystr,valuestr) VALUES ('hu','ER_NEM_TOROLHETO_MERT_HIVATKOZAS_VAN_RA','Nem törölhető, mert hivatkozás van rá');
INSERT INTO k_szotarbejegyzesek (lang,keystr,valuestr) VALUES ('hu','ER_NINCS_ILYEN_NYELV','Nincs ilyen nyelv');
INSERT INTO k_szotarbejegyzesek (lang,keystr,valuestr) VALUES ('hu','ER_NINCS_SZOTARNAK_MEGFELELO_MEZO_KIJELOLVE','Nincs szótárnak megfelelő mező kijelölve');
INSERT INTO k_szotarbejegyzesek (lang,keystr,valuestr) VALUES ('hu','ER_NINCS_VERSENY_KIVALASZTVA','Nincs verseny kiválasztva');
INSERT INTO k_szotarbejegyzesek (lang,keystr,valuestr) VALUES ('hu','ER_SESSION_TIMEOUT','Időtúllépés');
INSERT INTO k_szotarbejegyzesek (lang,keystr,valuestr) VALUES ('hu','ER_TUL_SOK_HELYES_BEJEGYZES','Túl sok a helyes bejegyzés');
INSERT INTO k_szotarbejegyzesek (lang,keystr,valuestr) VALUES ('hu','ER_VERSENY_EREDMENY_FRISSITENDO','A verseny végeredménye frissítendő');
INSERT INTO k_szotarbejegyzesek (lang,keystr,valuestr) VALUES ('hu','FT_ABOUT_COPYRIGHT','Minden jog fenntartva.');
INSERT INTO k_szotarbejegyzesek (lang,keystr,valuestr) VALUES ('hu','FT_ABOUT_DESIGN_BY','Grafikai tervezés:');
INSERT INTO k_szotarbejegyzesek (lang,keystr,valuestr) VALUES ('hu','FT_ABOUT_PROGRAM_BY','Programot készítette:');
INSERT INTO k_szotarbejegyzesek (lang,keystr,valuestr) VALUES ('hu','FT_ABOUT_TEST_BY','Tesztelés:');
INSERT INTO k_szotarbejegyzesek (lang,keystr,valuestr) VALUES ('hu','FT_ABOUT_TEXT','Adminisztrációs és kiértékelő program tájékozódási autóversenyhez.');
INSERT INTO k_szotarbejegyzesek (lang,keystr,valuestr) VALUES ('hu','FT_ADATOK_EXPORTALASA','Adatok exportálása');
INSERT INTO k_szotarbejegyzesek (lang,keystr,valuestr) VALUES ('hu','FT_ATHELYEZES_SZAKASZOK_KOZOTT','Áthelyezés szakaszok között');
INSERT INTO k_szotarbejegyzesek (lang,keystr,valuestr) VALUES ('hu','FT_BACKUP','Biztonsági mentés');
INSERT INTO k_szotarbejegyzesek (lang,keystr,valuestr) VALUES ('hu','FT_BACKUP_IN_PROGRESS','Biztonsági mentés folyamatban');
INSERT INTO k_szotarbejegyzesek (lang,keystr,valuestr) VALUES ('hu','FT_BACKUP_TIME','Az utolsó biztonsági mentés ideje: ');
INSERT INTO k_szotarbejegyzesek (lang,keystr,valuestr) VALUES ('hu','FT_BUNTETESEK_ETAPOKON','Büntetések az etapokon:');
INSERT INTO k_szotarbejegyzesek (lang,keystr,valuestr) VALUES ('hu','FT_ELLENORZES_TIPUS','Ellenőrzés típusa');
INSERT INTO k_szotarbejegyzesek (lang,keystr,valuestr) VALUES ('hu','FT_ELLENORZES_TIPUS_COMBO','Lenyíló lista');
INSERT INTO k_szotarbejegyzesek (lang,keystr,valuestr) VALUES ('hu','FT_ELLENORZES_TIPUS_EGYENI','Egyéni ellenőrzés:');
INSERT INTO k_szotarbejegyzesek (lang,keystr,valuestr) VALUES ('hu','FT_ELLENORZES_TIPUS_EPLIST','A megadott listából');
INSERT INTO k_szotarbejegyzesek (lang,keystr,valuestr) VALUES ('hu','FT_ELLENORZES_TIPUS_ETALON','Etap etalonjából');
INSERT INTO k_szotarbejegyzesek (lang,keystr,valuestr) VALUES ('hu','FT_ELLENORZES_TIPUS_MINT_ALAP','Mint az alapértelmezett');
INSERT INTO k_szotarbejegyzesek (lang,keystr,valuestr) VALUES ('hu','FT_ELLENORZES_TIPUS_NINCS','Nincs ellenőrzés');
INSERT INTO k_szotarbejegyzesek (lang,keystr,valuestr) VALUES ('hu','FT_ELLENORZES_TIPUS_TEXTBG','Háttérszín-kiemelés');
INSERT INTO k_szotarbejegyzesek (lang,keystr,valuestr) VALUES ('hu','FT_ELLENORZOPONTOK','Ellenőrzőpontok');
INSERT INTO k_szotarbejegyzesek (lang,keystr,valuestr) VALUES ('hu','FT_EREDMENYEK_EXPORTALASA','Eredmények exportálása');
INSERT INTO k_szotarbejegyzesek (lang,keystr,valuestr) VALUES ('hu','FT_ERTEKELENDO','Értékelendő');
INSERT INTO k_szotarbejegyzesek (lang,keystr,valuestr) VALUES ('hu','FT_EXPORT','Export');
INSERT INTO k_szotarbejegyzesek (lang,keystr,valuestr) VALUES ('hu','FT_FELADATOK_ETAPOKON','Feladatok az etapokon:');
INSERT INTO k_szotarbejegyzesek (lang,keystr,valuestr) VALUES ('hu','FT_IMPORT','Import');
INSERT INTO k_szotarbejegyzesek (lang,keystr,valuestr) VALUES ('hu','FT_JELENLEGI_SZAKASZ','Jelenlegi szakasz');
INSERT INTO k_szotarbejegyzesek (lang,keystr,valuestr) VALUES ('hu','FT_KARAKTERTABLA','Karaktertábla');
INSERT INTO k_szotarbejegyzesek (lang,keystr,valuestr) VALUES ('hu','FT_KESES_ETAPOKON','Késés etapokon:');
INSERT INTO k_szotarbejegyzesek (lang,keystr,valuestr) VALUES ('hu','FT_KOZOS','Közös');
INSERT INTO k_szotarbejegyzesek (lang,keystr,valuestr) VALUES ('hu','FT_LEZARAS','Lezárás');
INSERT INTO k_szotarbejegyzesek (lang,keystr,valuestr) VALUES ('hu','FT_LEZARAS_MEGTORTENT','Lezárás megtörtént');
INSERT INTO k_szotarbejegyzesek (lang,keystr,valuestr) VALUES ('hu','FT_LEZARASI_FIGYELMEZTETES','Lezárt versenyen már semmilyen adatot nem lehet változtatni, módosítani, felvinni. Biztosan le kívánja zárni a versenyt?');
INSERT INTO k_szotarbejegyzesek (lang,keystr,valuestr) VALUES ('hu','FT_LEZARVA_DATUM','Lezárás dátuma');
INSERT INTO k_szotarbejegyzesek (lang,keystr,valuestr) VALUES ('hu','FT_MENETLEVEL_FORMULA','Menetlevél beviteli formája');
INSERT INTO k_szotarbejegyzesek (lang,keystr,valuestr) VALUES ('hu','FT_MILYEN_FORMABA','Milyen formátumba');
INSERT INTO k_szotarbejegyzesek (lang,keystr,valuestr) VALUES ('hu','FT_MINDENT_TORLES_RAKERDEZES','Biztosan törli az összes elemet?');
INSERT INTO k_szotarbejegyzesek (lang,keystr,valuestr) VALUES ('hu','FT_MINDET_TORLI','Mindet törli');
INSERT INTO k_szotarbejegyzesek (lang,keystr,valuestr) VALUES ('hu','FT_MIT_EXPORTALJON','Mit exportáljon');
INSERT INTO k_szotarbejegyzesek (lang,keystr,valuestr) VALUES ('hu','FT_NEVJEGY','Névjegy');
INSERT INTO k_szotarbejegyzesek (lang,keystr,valuestr) VALUES ('hu','FT_NINCSENEK_HIANYZO_ADATOK','Nincsenek hiányzó adatok');
INSERT INTO k_szotarbejegyzesek (lang,keystr,valuestr) VALUES ('hu','FT_NO_BACKUP','Még nem készült biztonsági mentés');
INSERT INTO k_szotarbejegyzesek (lang,keystr,valuestr) VALUES ('hu','FT_PONTOZAS','Pontozás');
INSERT INTO k_szotarbejegyzesek (lang,keystr,valuestr) VALUES ('hu','FT_PONTOZAS_NYOMTATASA','Pontozás nyomtatása');
INSERT INTO k_szotarbejegyzesek (lang,keystr,valuestr) VALUES ('hu','FT_SAJAT','Saját');
INSERT INTO k_szotarbejegyzesek (lang,keystr,valuestr) VALUES ('hu','FT_SZLALOMOK_PONTOZASA','Szlalomok pontozása:');
INSERT INTO k_szotarbejegyzesek (lang,keystr,valuestr) VALUES ('hu','FT_TORLES_RAKERDEZES','Biztosan törli a kiválasztott elemet?');
INSERT INTO k_szotarbejegyzesek (lang,keystr,valuestr) VALUES ('hu','FT_UJ_SZAKASZ','Új szakasz');
INSERT INTO k_szotarbejegyzesek (lang,keystr,valuestr) VALUES ('hu','IF_ADATBAZISBOL','Adatbázis');
INSERT INTO k_szotarbejegyzesek (lang,keystr,valuestr) VALUES ('hu','IF_ALAPOK','Alapadatok');
INSERT INTO k_szotarbejegyzesek (lang,keystr,valuestr) VALUES ('hu','IF_AZONOS_RAJTSZAM','Olyan rajtszámú nevezést akart importálni, amilyen már létezik a versenyben.');
INSERT INTO k_szotarbejegyzesek (lang,keystr,valuestr) VALUES ('hu','IF_FAJLBOL','Fájl');
INSERT INTO k_szotarbejegyzesek (lang,keystr,valuestr) VALUES ('hu','IF_FELADAT_ES_BUNTETES_TIPUSOK','Feladat- és büntetéstípusok');
INSERT INTO k_szotarbejegyzesek (lang,keystr,valuestr) VALUES ('hu','IF_HIBAS_FORRASFAJL','Hibás forrásfájl');
INSERT INTO k_szotarbejegyzesek (lang,keystr,valuestr) VALUES ('hu','IF_HIBAS_FORRASFAJL_TOBB_VERSENY','Hibás forrásfájl: a fájl több versenyről tartalmaz adatot.');
INSERT INTO k_szotarbejegyzesek (lang,keystr,valuestr) VALUES ('hu','IF_HIBAS_NYELV','Az importálandó adat olyan nyelvre hivatkozik, amely a jelentlegi adatbázisban nincs telepítve.');
INSERT INTO k_szotarbejegyzesek (lang,keystr,valuestr) VALUES ('hu','IF_HIBAS_ORSZAG','Az importálandó adat olyan országra hivatkozik, amely a jelentlegi adatbázisban nincs telepítve.');
INSERT INTO k_szotarbejegyzesek (lang,keystr,valuestr) VALUES ('hu','IF_IMPORT_SUBTYPES','Elemek importálása');
INSERT INTO k_szotarbejegyzesek (lang,keystr,valuestr) VALUES ('hu','IF_IMPORT_WIZARD','Importálás varázsló');
INSERT INTO k_szotarbejegyzesek (lang,keystr,valuestr) VALUES ('hu','IF_LEZART_VERSENYHEZ_NEM_LEHET_IMPORTALNI','Lezárt versenybe nem lehet adatot importálni.');
INSERT INTO k_szotarbejegyzesek (lang,keystr,valuestr) VALUES ('hu','IF_MEGSZAKITAS','Megszakítás');
INSERT INTO k_szotarbejegyzesek (lang,keystr,valuestr) VALUES ('hu','IF_MSG_ABORT','Az importálási folyamatot bármikor megszakíthatja a jobb felső sarokban levő megszakítás gombbal.');
INSERT INTO k_szotarbejegyzesek (lang,keystr,valuestr) VALUES ('hu','IF_MSG_CSAK_XML2006','Csak olyan fájl importálható, amelynek formátuma GeoResults2006XML.');
INSERT INTO k_szotarbejegyzesek (lang,keystr,valuestr) VALUES ('hu','IF_MSG_ETAPOK_MELYIK_SZAKASZBA','Az importálandó etapokat melyik szakaszba akarja tenni?');
INSERT INTO k_szotarbejegyzesek (lang,keystr,valuestr) VALUES ('hu','IF_MSG_HIBA','Az importálás során az alábbi hiba történt:');
INSERT INTO k_szotarbejegyzesek (lang,keystr,valuestr) VALUES ('hu','IF_MSG_IMPORT_CATEGORY','Mit akar importálni?');
INSERT INTO k_szotarbejegyzesek (lang,keystr,valuestr) VALUES ('hu','IF_MSG_IMPORT_DEPENDENCIES','Néhány elem importálása más elemktől függ. Mi történjen a függő elemekkel?');
INSERT INTO k_szotarbejegyzesek (lang,keystr,valuestr) VALUES ('hu','IF_MSG_IMPORTALAS_VEGREHAJTASA','Az importálás előkészítése megtörtént. A lenti gombra kattintva végrehajthatja az adatok importálását a jelenlegi adatbázisba.');
INSERT INTO k_szotarbejegyzesek (lang,keystr,valuestr) VALUES ('hu','IF_MSG_INTRO','Az importálás varázslóval adatokat lehet átemelni más versenyekből vagy fájlokból.');
INSERT INTO k_szotarbejegyzesek (lang,keystr,valuestr) VALUES ('hu','IF_MSG_LETEZO_FUTAM_FIGYELMEZTETES','A jelenlegi versenyhez már létezik olyan futam, amilyent importálni fogunk. Ha folytatja, az ilyen futamok törlődni fognak.');
INSERT INTO k_szotarbejegyzesek (lang,keystr,valuestr) VALUES ('hu','IF_MSG_MEGSZAKITVA','Az importálási folyamat meg lett szakítva.');
INSERT INTO k_szotarbejegyzesek (lang,keystr,valuestr) VALUES ('hu','IF_MSG_MELYIK_ALAPOK','Az alapadatok melyik csoportjait akarja importálni?');
INSERT INTO k_szotarbejegyzesek (lang,keystr,valuestr) VALUES ('hu','IF_MSG_MELYIK_ETAPOK','Melyik etapokat akarja importálni?');
INSERT INTO k_szotarbejegyzesek (lang,keystr,valuestr) VALUES ('hu','IF_MSG_MELYIK_NYELVEK','Melyik nyelveket akarja (a hozzájuk tartozó fordításokkal együtt) importálni?');
INSERT INTO k_szotarbejegyzesek (lang,keystr,valuestr) VALUES ('hu','IF_MSG_MENETLEVELEK_HONNAN','Melyik etap menetleveleit akarja importálni?');
INSERT INTO k_szotarbejegyzesek (lang,keystr,valuestr) VALUES ('hu','IF_MSG_MENETLEVELEK_HOVA','Melyik etaphoz adjuk hozzá a menetleveleket?');
INSERT INTO k_szotarbejegyzesek (lang,keystr,valuestr) VALUES ('hu','IF_MSG_MINDEN_RAJTSZAM_FIGYELMEZTETES','Az importálandó futamok között van olyan rajtszámú, amely rajtszám jelen versenyben nem létezik. Ha folytatja, az ilyen futamok nem kerülnek importálásra.');
INSERT INTO k_szotarbejegyzesek (lang,keystr,valuestr) VALUES ('hu','IF_MSG_RECOGNISE_ASSIGN','Válassza ki a hivatkozott objektumokhoz a nekik megfelelő, jelen versenyen létező objektumokat!');
INSERT INTO k_szotarbejegyzesek (lang,keystr,valuestr) VALUES ('hu','IF_MSG_SIKERES','Az importálás sikeresen végrehajtódott.');
INSERT INTO k_szotarbejegyzesek (lang,keystr,valuestr) VALUES ('hu','IF_MSG_START','A kezdéshez kattintson a lenti gombra.');
INSERT INTO k_szotarbejegyzesek (lang,keystr,valuestr) VALUES ('hu','IF_MSG_SZLALOM_FUTAMOK_HONNAN','Melyik szlalom futamait akarja importálni?');
INSERT INTO k_szotarbejegyzesek (lang,keystr,valuestr) VALUES ('hu','IF_MSG_SZLALOM_FUTAMOK_HOVA','Melyik szlalomhoz adjuk hozzá a futamokat?');
INSERT INTO k_szotarbejegyzesek (lang,keystr,valuestr) VALUES ('hu','IF_MSG_VALASSZON_ADATFORRAST','Válasszon egy adatforrást az importáláshoz!');
INSERT INTO k_szotarbejegyzesek (lang,keystr,valuestr) VALUES ('hu','IF_MSG_VERSENY_FIGYELMEZTETES','Ha teljes versenyt importál, akkor az nem a jelenlegi versenyen belül, hanem önálló versenyként fog megjelenni.');
INSERT INTO k_szotarbejegyzesek (lang,keystr,valuestr) VALUES ('hu','IF_NINCS_ADAT_KIJELOLVE','Nincs adat kijelölve.');
INSERT INTO k_szotarbejegyzesek (lang,keystr,valuestr) VALUES ('hu','IF_NINCS_AUTOTIPUS','Nincs az aktuális versenyhez autótípus.');
INSERT INTO k_szotarbejegyzesek (lang,keystr,valuestr) VALUES ('hu','IF_NINCS_BT','Nincs az aktuális versenyhez büntetéstípus.');
INSERT INTO k_szotarbejegyzesek (lang,keystr,valuestr) VALUES ('hu','IF_NINCS_DFFT','Nincs az aktuális versenyhez darabfüggő feladattípus.');
INSERT INTO k_szotarbejegyzesek (lang,keystr,valuestr) VALUES ('hu','IF_NINCS_ETAP','Nincs az aktuális versenyhez etap.');
INSERT INTO k_szotarbejegyzesek (lang,keystr,valuestr) VALUES ('hu','IF_NINCS_ETAP_KIJELOLVE','Nincs etap kijelölve');
INSERT INTO k_szotarbejegyzesek (lang,keystr,valuestr) VALUES ('hu','IF_NINCS_KATEGORIA_KIJELOLVE','Nincs kategória kijelölve');
INSERT INTO k_szotarbejegyzesek (lang,keystr,valuestr) VALUES ('hu','IF_NINCS_NYELV_KIJELOLVE','Nincs nyelv kijelölve');
INSERT INTO k_szotarbejegyzesek (lang,keystr,valuestr) VALUES ('hu','IF_NINCS_SFFT','Nincs az aktuális versenyhez sorrendfüggő feladattípus.');
INSERT INTO k_szotarbejegyzesek (lang,keystr,valuestr) VALUES ('hu','IF_NINCS_SZAKASZ','Nincs az aktuális versenyhez szakasz.');
INSERT INTO k_szotarbejegyzesek (lang,keystr,valuestr) VALUES ('hu','IF_NINCS_SZLALOM','Nincs az aktuális versenyhez szlalom.');
INSERT INTO k_szotarbejegyzesek (lang,keystr,valuestr) VALUES ('hu','IF_NINCS_SZLALOMFELADAT','Nincs az aktuális versenyhez szlalom-feladat.');
INSERT INTO k_szotarbejegyzesek (lang,keystr,valuestr) VALUES ('hu','IF_NINCS_SZLALOMKATEGORIA','Nincs az aktuális versenyhez szlalom-kategória.');
INSERT INTO k_szotarbejegyzesek (lang,keystr,valuestr) VALUES ('hu','IF_RECOGNISE_SUBTYPES','Elemek felismerése név alapján');
INSERT INTO k_szotarbejegyzesek (lang,keystr,valuestr) VALUES ('hu','IF_START','Importálási folyamat elindítása');
INSERT INTO k_szotarbejegyzesek (lang,keystr,valuestr) VALUES ('hu','IF_TELJES_VERSENY','Teljes verseny');
INSERT INTO k_szotarbejegyzesek (lang,keystr,valuestr) VALUES ('hu','RA_ATVITT_PONT','Átvitt pont');
INSERT INTO k_szotarbejegyzesek (lang,keystr,valuestr) VALUES ('hu','RA_AUTO','Autó');
INSERT INTO k_szotarbejegyzesek (lang,keystr,valuestr) VALUES ('hu','RA_AUTOTIPUS','Autótípus');
INSERT INTO k_szotarbejegyzesek (lang,keystr,valuestr) VALUES ('hu','RA_AUTOTIPUS_ADATAI','Autótípus adatai');
INSERT INTO k_szotarbejegyzesek (lang,keystr,valuestr) VALUES ('hu','RA_AUTOTIPUSOK','Autótípusok');
INSERT INTO k_szotarbejegyzesek (lang,keystr,valuestr) VALUES ('hu','RA_BUNTETES','Büntetés');
INSERT INTO k_szotarbejegyzesek (lang,keystr,valuestr) VALUES ('hu','RA_BUNTETES_TIPUSOK','Büntetéstípusok');
INSERT INTO k_szotarbejegyzesek (lang,keystr,valuestr) VALUES ('hu','RA_BUNTETESEK','Büntetések');
INSERT INTO k_szotarbejegyzesek (lang,keystr,valuestr) VALUES ('hu','RA_BUNTETESTIPUS_ADATAI','Bünetetéstípus adatai');
INSERT INTO k_szotarbejegyzesek (lang,keystr,valuestr) VALUES ('hu','RA_DARABFUGGO_FELADAT_TIPUS_ADATAI','Darabszám-függő feladattípus adatai');
INSERT INTO k_szotarbejegyzesek (lang,keystr,valuestr) VALUES ('hu','RA_DARABFUGGO_FELADAT_TIPUSOK','Darabszám-függő feladattípusok');
INSERT INTO k_szotarbejegyzesek (lang,keystr,valuestr) VALUES ('hu','RA_DARABFUGGO_FELADATOK','Darabszám-függő feladatok');
INSERT INTO k_szotarbejegyzesek (lang,keystr,valuestr) VALUES ('hu','RA_ERKEZES','Érkezés');
INSERT INTO k_szotarbejegyzesek (lang,keystr,valuestr) VALUES ('hu','RA_ERKEZESI_IDO','Érkezési idő');
INSERT INTO k_szotarbejegyzesek (lang,keystr,valuestr) VALUES ('hu','RA_ERVENYES','Érvényes');
INSERT INTO k_szotarbejegyzesek (lang,keystr,valuestr) VALUES ('hu','RA_ETALON','Etalon');
INSERT INTO k_szotarbejegyzesek (lang,keystr,valuestr) VALUES ('hu','RA_ETAPFELADAT_ADATAI','Etapfeladat adatai');
INSERT INTO k_szotarbejegyzesek (lang,keystr,valuestr) VALUES ('hu','RA_FELADATTIPUSOK','Feladattípusok');
INSERT INTO k_szotarbejegyzesek (lang,keystr,valuestr) VALUES ('hu','RA_HIANY','Hiány');
INSERT INTO k_szotarbejegyzesek (lang,keystr,valuestr) VALUES ('hu','RA_HIANY_HIBAPONT','Hiányért járó hibapont');
INSERT INTO k_szotarbejegyzesek (lang,keystr,valuestr) VALUES ('hu','RA_HIANYZO_ADATOK','Hiányzó adatok');
INSERT INTO k_szotarbejegyzesek (lang,keystr,valuestr) VALUES ('hu','RA_IDO_ADATOK','Időadatok');
INSERT INTO k_szotarbejegyzesek (lang,keystr,valuestr) VALUES ('hu','RA_IDOLIMIT','Időlimit');
INSERT INTO k_szotarbejegyzesek (lang,keystr,valuestr) VALUES ('hu','RA_IDOLIMIT_ATLEPESE','Időlimit átlépése');
INSERT INTO k_szotarbejegyzesek (lang,keystr,valuestr) VALUES ('hu','RA_INDULAS','Indulás');
INSERT INTO k_szotarbejegyzesek (lang,keystr,valuestr) VALUES ('hu','RA_INDULASI_IDO','Indulási idő');
INSERT INTO k_szotarbejegyzesek (lang,keystr,valuestr) VALUES ('hu','RA_KATEGORIA','Kategória');
INSERT INTO k_szotarbejegyzesek (lang,keystr,valuestr) VALUES ('hu','RA_KESES','Késés');
INSERT INTO k_szotarbejegyzesek (lang,keystr,valuestr) VALUES ('hu','RA_KESESERT_BUNTETOPONT','Szakaszon történő késésért járó büntetőpont');
INSERT INTO k_szotarbejegyzesek (lang,keystr,valuestr) VALUES ('hu','RA_KESESI_ZONA_ADATAI','Késési időzóna adatai');
INSERT INTO k_szotarbejegyzesek (lang,keystr,valuestr) VALUES ('hu','RA_KESESI_ZONAK','Késési időzónák');
INSERT INTO k_szotarbejegyzesek (lang,keystr,valuestr) VALUES ('hu','RA_KEZDETE_DATUM','Verseny kezdete');
INSERT INTO k_szotarbejegyzesek (lang,keystr,valuestr) VALUES ('hu','RA_MEGENGEDETT_KESES_ETAPONKENT','Megengedett késés etaponként');
INSERT INTO k_szotarbejegyzesek (lang,keystr,valuestr) VALUES ('hu','RA_SORRENDFUGGO_FELADAT_TIPUS_ADATAI','Sorrendfüggő feladattípus adatai');
INSERT INTO k_szotarbejegyzesek (lang,keystr,valuestr) VALUES ('hu','RA_SORRENDFUGGO_FELADAT_TIPUSOK','Sorrendfüggő feladattípusok');
INSERT INTO k_szotarbejegyzesek (lang,keystr,valuestr) VALUES ('hu','RA_SORRENDFUGGO_FELADATOK','Sorrendfüggő feladatok');
INSERT INTO k_szotarbejegyzesek (lang,keystr,valuestr) VALUES ('hu','RA_SZLALOM_ATVITT_PONT','Szlalomból átvitt pont');
INSERT INTO k_szotarbejegyzesek (lang,keystr,valuestr) VALUES ('hu','RA_TOBBLET','Többlet');
INSERT INTO k_szotarbejegyzesek (lang,keystr,valuestr) VALUES ('hu','RA_TOBBLET_HIBAPONT','Többletért járó hibapont');
INSERT INTO k_szotarbejegyzesek (lang,keystr,valuestr) VALUES ('hu','RA_VEGE_DATUM','Verseny vége');
INSERT INTO k_szotarbejegyzesek (lang,keystr,valuestr) VALUES ('hu','RB_CSAPAT','Csapat');
INSERT INTO k_szotarbejegyzesek (lang,keystr,valuestr) VALUES ('hu','RB_CSAPAT_EREDMENY','Csapatverseny eredménye');
INSERT INTO k_szotarbejegyzesek (lang,keystr,valuestr) VALUES ('hu','RB_CSAPAT_NEVEZESEK','Csapatnevezések');
INSERT INTO k_szotarbejegyzesek (lang,keystr,valuestr) VALUES ('hu','RB_CSAPATNEVEZES_ADATAI','Csapatnevezés adatai');
INSERT INTO k_szotarbejegyzesek (lang,keystr,valuestr) VALUES ('hu','RB_EGYENI','Egyéni');
INSERT INTO k_szotarbejegyzesek (lang,keystr,valuestr) VALUES ('hu','RB_ETAP','Etap');
INSERT INTO k_szotarbejegyzesek (lang,keystr,valuestr) VALUES ('hu','RB_ETAP_ADATAI','Etap adatai');
INSERT INTO k_szotarbejegyzesek (lang,keystr,valuestr) VALUES ('hu','RB_ETAPOK','Etapok');
INSERT INTO k_szotarbejegyzesek (lang,keystr,valuestr) VALUES ('hu','RB_MENETLEVEL','Menetlevél');
INSERT INTO k_szotarbejegyzesek (lang,keystr,valuestr) VALUES ('hu','RB_MENETLEVELEK','Menetlevelek');
INSERT INTO k_szotarbejegyzesek (lang,keystr,valuestr) VALUES ('hu','RB_MINDEN_ETAP_EREDMENY','Etapok összesített eredménye');
INSERT INTO k_szotarbejegyzesek (lang,keystr,valuestr) VALUES ('hu','RB_MINDEN_SZLALOM_EREDMENY','Szlalomok összesített eredménye');
INSERT INTO k_szotarbejegyzesek (lang,keystr,valuestr) VALUES ('hu','RB_NAVIGATOR','Navigátor');
INSERT INTO k_szotarbejegyzesek (lang,keystr,valuestr) VALUES ('hu','RB_NEVEZES_ADATAI','Nevezés adatai');
INSERT INTO k_szotarbejegyzesek (lang,keystr,valuestr) VALUES ('hu','RB_NEVEZESEK','Nevezések');
INSERT INTO k_szotarbejegyzesek (lang,keystr,valuestr) VALUES ('hu','RB_NEVEZESI_LISTA','Nevezési lista');
INSERT INTO k_szotarbejegyzesek (lang,keystr,valuestr) VALUES ('hu','RB_OSSZESITETT','Összesített');
INSERT INTO k_szotarbejegyzesek (lang,keystr,valuestr) VALUES ('hu','RB_OSSZESITETT_EREDMENYEK','Összesített eredmények');
INSERT INTO k_szotarbejegyzesek (lang,keystr,valuestr) VALUES ('hu','RB_RAJTSZAM','Rajtszám');
INSERT INTO k_szotarbejegyzesek (lang,keystr,valuestr) VALUES ('hu','RB_RAJTSZAM_ROVIDITVE','Rsz.');
INSERT INTO k_szotarbejegyzesek (lang,keystr,valuestr) VALUES ('hu','RB_RESZLETES','Részletes');
INSERT INTO k_szotarbejegyzesek (lang,keystr,valuestr) VALUES ('hu','RB_RESZLETES_BEVITEL','Részletes bevitel');
INSERT INTO k_szotarbejegyzesek (lang,keystr,valuestr) VALUES ('hu','RB_RESZLETES_EREDMENYEK','Részletes eredmények');
INSERT INTO k_szotarbejegyzesek (lang,keystr,valuestr) VALUES ('hu','RB_SOFOR','Sofőr');
INSERT INTO k_szotarbejegyzesek (lang,keystr,valuestr) VALUES ('hu','RB_SZAKASZ_ADATAI','Szakasz adatai');
INSERT INTO k_szotarbejegyzesek (lang,keystr,valuestr) VALUES ('hu','RB_SZAKASZOK','Szakaszok');
INSERT INTO k_szotarbejegyzesek (lang,keystr,valuestr) VALUES ('hu','RB_SZLALOM','Szlalom');
INSERT INTO k_szotarbejegyzesek (lang,keystr,valuestr) VALUES ('hu','RB_SZLALOM_ADATAI','Szlalom adatai');
INSERT INTO k_szotarbejegyzesek (lang,keystr,valuestr) VALUES ('hu','RB_SZLALOM_FELADAT_ADATAI','Szlalomfeladat adatai');
INSERT INTO k_szotarbejegyzesek (lang,keystr,valuestr) VALUES ('hu','RB_SZLALOM_FELADATOK','Szlalomfeladatok');
INSERT INTO k_szotarbejegyzesek (lang,keystr,valuestr) VALUES ('hu','RB_SZLALOM_FUTAM','Szlalom-futam');
INSERT INTO k_szotarbejegyzesek (lang,keystr,valuestr) VALUES ('hu','RB_SZLALOM_FUTAM_ADATOK','Szlalom-futam adatai');
INSERT INTO k_szotarbejegyzesek (lang,keystr,valuestr) VALUES ('hu','RB_SZLALOM_FUTAMOK','Szlalom-futamok');
INSERT INTO k_szotarbejegyzesek (lang,keystr,valuestr) VALUES ('hu','RB_SZLALOM_KATEGORIA_ADATAI','Szlalom-kategória adatai');
INSERT INTO k_szotarbejegyzesek (lang,keystr,valuestr) VALUES ('hu','RB_SZLALOM_KATEGORIAK','Szlalom-kategóriák');
INSERT INTO k_szotarbejegyzesek (lang,keystr,valuestr) VALUES ('hu','RB_SZLALOM_OSSZESITETT','Szlalom-összesítés');
INSERT INTO k_szotarbejegyzesek (lang,keystr,valuestr) VALUES ('hu','RB_SZLALOM_OSSZESITETT_ROVID','Szlalom össz.');
INSERT INTO k_szotarbejegyzesek (lang,keystr,valuestr) VALUES ('hu','RB_SZLALOM_PONT','Szlalom pont');
INSERT INTO k_szotarbejegyzesek (lang,keystr,valuestr) VALUES ('hu','RB_SZLALOM_REDUKALT_PONTOKKAL','Szlalomok redukált pontokkal');
INSERT INTO k_szotarbejegyzesek (lang,keystr,valuestr) VALUES ('hu','RB_SZLALOMOK','Szlalomok');
INSERT INTO k_szotarbejegyzesek (lang,keystr,valuestr) VALUES ('hu','RB_UJ_VERSENY_LETREHOZASA','Új verseny létrehozása');
INSERT INTO k_szotarbejegyzesek (lang,keystr,valuestr) VALUES ('hu','RB_UTAS','Utas');
INSERT INTO k_szotarbejegyzesek (lang,keystr,valuestr) VALUES ('hu','RB_UTASOK','Utasok');
INSERT INTO k_szotarbejegyzesek (lang,keystr,valuestr) VALUES ('hu','RB_VEGEREDMENY','Végeredmény');
INSERT INTO k_szotarbejegyzesek (lang,keystr,valuestr) VALUES ('hu','RB_VERSENY','Verseny');
INSERT INTO k_szotarbejegyzesek (lang,keystr,valuestr) VALUES ('hu','RB_VERSENY_ADATAI','Verseny adatai');
INSERT INTO k_szotarbejegyzesek (lang,keystr,valuestr) VALUES ('hu','RB_VERSENY_KIVALASZTASA','Verseny kiválasztása');
INSERT INTO k_szotarbejegyzesek (lang,keystr,valuestr) VALUES ('hu','LG_en','Angol');
INSERT INTO k_szotarbejegyzesek (lang,keystr,valuestr) VALUES ('hu','LG_hu','Magyar');
INSERT INTO k_szotarbejegyzesek (lang,keystr,valuestr) VALUES ('hu','CY_hu','Magyarország');
INSERT INTO k_szotarbejegyzesek (lang,keystr,valuestr) VALUES ('hu','CY_cz','Csehország');
INSERT INTO k_szotarbejegyzesek (lang,keystr,valuestr) VALUES ('hu','CY_sk','Szlovákia');
INSERT INTO k_szotarbejegyzesek (lang,keystr,valuestr) VALUES ('hu','CY_pl','Lengyelország');
INSERT INTO k_szotarbejegyzesek (lang,keystr,valuestr) VALUES ('hu','CY_ro','Románia');
INSERT INTO k_szotarbejegyzesek (lang,keystr,valuestr) VALUES ('en','BS_ADATBEVITEL','Data recording');
INSERT INTO k_szotarbejegyzesek (lang,keystr,valuestr) VALUES ('en','BS_ADATOK','Properties');
INSERT INTO k_szotarbejegyzesek (lang,keystr,valuestr) VALUES ('en','BS_BEJEGYZES','Entry');
INSERT INTO k_szotarbejegyzesek (lang,keystr,valuestr) VALUES ('en','BS_BEJEGYZESEK','Entries');
INSERT INTO k_szotarbejegyzesek (lang,keystr,valuestr) VALUES ('en','BS_BETOLTES','Load');
INSERT INTO k_szotarbejegyzesek (lang,keystr,valuestr) VALUES ('en','BS_BEVITEL','Input');
INSERT INTO k_szotarbejegyzesek (lang,keystr,valuestr) VALUES ('en','BS_CIMKE','Label');
INSERT INTO k_szotarbejegyzesek (lang,keystr,valuestr) VALUES ('en','BS_DARAB','Count');
INSERT INTO k_szotarbejegyzesek (lang,keystr,valuestr) VALUES ('en','BS_EGYEB','Others');
INSERT INTO k_szotarbejegyzesek (lang,keystr,valuestr) VALUES ('en','BS_EREDMENY','Result');
INSERT INTO k_szotarbejegyzesek (lang,keystr,valuestr) VALUES ('en','BS_EREDMENYEK','Results');
INSERT INTO k_szotarbejegyzesek (lang,keystr,valuestr) VALUES ('en','BS_FEL','Up');
INSERT INTO k_szotarbejegyzesek (lang,keystr,valuestr) VALUES ('en','BS_FELADAT','Task');
INSERT INTO k_szotarbejegyzesek (lang,keystr,valuestr) VALUES ('en','BS_FELIRAT','Label');
INSERT INTO k_szotarbejegyzesek (lang,keystr,valuestr) VALUES ('en','BS_FELVITEL','Input');
INSERT INTO k_szotarbejegyzesek (lang,keystr,valuestr) VALUES ('en','BS_FRISSITES','Update');
INSERT INTO k_szotarbejegyzesek (lang,keystr,valuestr) VALUES ('en','BS_HELY','Place');
INSERT INTO k_szotarbejegyzesek (lang,keystr,valuestr) VALUES ('en','BS_HELYES','Correct');
INSERT INTO k_szotarbejegyzesek (lang,keystr,valuestr) VALUES ('en','BS_HIBAS','Incorrect');
INSERT INTO k_szotarbejegyzesek (lang,keystr,valuestr) VALUES ('en','BS_IDO','Time');
INSERT INTO k_szotarbejegyzesek (lang,keystr,valuestr) VALUES ('en','BS_KOVETKEZO','Next');
INSERT INTO k_szotarbejegyzesek (lang,keystr,valuestr) VALUES ('en','BS_KULONBSEG','Difference');
INSERT INTO k_szotarbejegyzesek (lang,keystr,valuestr) VALUES ('en','BS_LE','Down');
INSERT INTO k_szotarbejegyzesek (lang,keystr,valuestr) VALUES ('en','BS_LETREHOZAS','Create');
INSERT INTO k_szotarbejegyzesek (lang,keystr,valuestr) VALUES ('en','BS_MEGJELENITES','Show');
INSERT INTO k_szotarbejegyzesek (lang,keystr,valuestr) VALUES ('en','BS_MEGNOVEL','Enlarge');
INSERT INTO k_szotarbejegyzesek (lang,keystr,valuestr) VALUES ('en','BS_MENTES','Save');
INSERT INTO k_szotarbejegyzesek (lang,keystr,valuestr) VALUES ('en','BS_MENTES_ES_BETOLTES','Save and load');
INSERT INTO k_szotarbejegyzesek (lang,keystr,valuestr) VALUES ('en','BS_MENTES_ES_MEGNOVEL','Save and enlarge');
INSERT INTO k_szotarbejegyzesek (lang,keystr,valuestr) VALUES ('en','BS_MODOSITVA','Modified');
INSERT INTO k_szotarbejegyzesek (lang,keystr,valuestr) VALUES ('en','BS_MONTH_1','January');
INSERT INTO k_szotarbejegyzesek (lang,keystr,valuestr) VALUES ('en','BS_MONTH_2','February');
INSERT INTO k_szotarbejegyzesek (lang,keystr,valuestr) VALUES ('en','BS_MONTH_3','March');
INSERT INTO k_szotarbejegyzesek (lang,keystr,valuestr) VALUES ('en','BS_MONTH_4','April');
INSERT INTO k_szotarbejegyzesek (lang,keystr,valuestr) VALUES ('en','BS_MONTH_5','May');
INSERT INTO k_szotarbejegyzesek (lang,keystr,valuestr) VALUES ('en','BS_MONTH_6','June');
INSERT INTO k_szotarbejegyzesek (lang,keystr,valuestr) VALUES ('en','BS_MONTH_7','July');
INSERT INTO k_szotarbejegyzesek (lang,keystr,valuestr) VALUES ('en','BS_MONTH_8','August');
INSERT INTO k_szotarbejegyzesek (lang,keystr,valuestr) VALUES ('en','BS_MONTH_9','September');
INSERT INTO k_szotarbejegyzesek (lang,keystr,valuestr) VALUES ('en','BS_MONTH_10','October');
INSERT INTO k_szotarbejegyzesek (lang,keystr,valuestr) VALUES ('en','BS_MONTH_11','November');
INSERT INTO k_szotarbejegyzesek (lang,keystr,valuestr) VALUES ('en','BS_MONTH_12','December');
INSERT INTO k_szotarbejegyzesek (lang,keystr,valuestr) VALUES ('en','BS_NEM_VOLT_MODOSITVA','Not modified');
INSERT INTO k_szotarbejegyzesek (lang,keystr,valuestr) VALUES ('en','BS_NEV','Name');
INSERT INTO k_szotarbejegyzesek (lang,keystr,valuestr) VALUES ('en','BS_NYELV','Language');
INSERT INTO k_szotarbejegyzesek (lang,keystr,valuestr) VALUES ('en','BS_NYOMTATAS','Print');
INSERT INTO k_szotarbejegyzesek (lang,keystr,valuestr) VALUES ('en','BS_OK','Ok');
INSERT INTO k_szotarbejegyzesek (lang,keystr,valuestr) VALUES ('en','BS_ORSZAG','Country');
INSERT INTO k_szotarbejegyzesek (lang,keystr,valuestr) VALUES ('en','BS_OSSZES','All');
INSERT INTO k_szotarbejegyzesek (lang,keystr,valuestr) VALUES ('en','BS_PERC','Minute');
INSERT INTO k_szotarbejegyzesek (lang,keystr,valuestr) VALUES ('en','BS_PONT','Point');
INSERT INTO k_szotarbejegyzesek (lang,keystr,valuestr) VALUES ('en','BS_POPUP','Popup');
INSERT INTO k_szotarbejegyzesek (lang,keystr,valuestr) VALUES ('en','BS_SABLON','Model');
INSERT INTO k_szotarbejegyzesek (lang,keystr,valuestr) VALUES ('en','BS_SZERKESZTES','Edit');
INSERT INTO k_szotarbejegyzesek (lang,keystr,valuestr) VALUES ('en','BS_TORLES','Delete');
INSERT INTO k_szotarbejegyzesek (lang,keystr,valuestr) VALUES ('en','BS_UJ','New');
INSERT INTO k_szotarbejegyzesek (lang,keystr,valuestr) VALUES ('en','BS_UJRA','Reload');
INSERT INTO k_szotarbejegyzesek (lang,keystr,valuestr) VALUES ('en','BS_URES','Empty');
INSERT INTO k_szotarbejegyzesek (lang,keystr,valuestr) VALUES ('en','BS_VALASSZ','Choose');
INSERT INTO k_szotarbejegyzesek (lang,keystr,valuestr) VALUES ('en','BS_VISSZA','Back');
INSERT INTO k_szotarbejegyzesek (lang,keystr,valuestr) VALUES ('en','DC_ALAP_NYELV','Base language');
INSERT INTO k_szotarbejegyzesek (lang,keystr,valuestr) VALUES ('en','DC_A_NYELV_ONMAGA','The language calls itself so');
INSERT INTO k_szotarbejegyzesek (lang,keystr,valuestr) VALUES ('en','DC_EGY_ADOTT_NYELVU_FORDITAS','Translation on a specified language');
INSERT INTO k_szotarbejegyzesek (lang,keystr,valuestr) VALUES ('en','DC_FORDITAS','Translation');
INSERT INTO k_szotarbejegyzesek (lang,keystr,valuestr) VALUES ('en','DC_FORDITAS_ELERHETO','Translation available in');
INSERT INTO k_szotarbejegyzesek (lang,keystr,valuestr) VALUES ('en','DC_FORDITAS_LETREHOZASA','Create translation');
INSERT INTO k_szotarbejegyzesek (lang,keystr,valuestr) VALUES ('en','DC_FORDITAS_MODOSITASA','Modify translation');
INSERT INTO k_szotarbejegyzesek (lang,keystr,valuestr) VALUES ('en','DC_FORDITAS_NEM_ELERHETO','Translation not available in');
INSERT INTO k_szotarbejegyzesek (lang,keystr,valuestr) VALUES ('en','DC_FORDITASOK','Translations');
INSERT INTO k_szotarbejegyzesek (lang,keystr,valuestr) VALUES ('en','DC_KETBETUS_KOD','Two-letter code');
INSERT INTO k_szotarbejegyzesek (lang,keystr,valuestr) VALUES ('en','DC_MELYIK_NYELV_NEVE','Current name of the language:');
INSERT INTO k_szotarbejegyzesek (lang,keystr,valuestr) VALUES ('en','DC_MELYIK_NYELVEN','On what langage?');
INSERT INTO k_szotarbejegyzesek (lang,keystr,valuestr) VALUES ('en','DC_MELYIK_NYELVRE_ALAPOZZA_A_FORDITAST','Choose the basic language for the translation');
INSERT INTO k_szotarbejegyzesek (lang,keystr,valuestr) VALUES ('en','DC_MELYIK_ORSZAG_NEVE','Current name of the country:');
INSERT INTO k_szotarbejegyzesek (lang,keystr,valuestr) VALUES ('en','DC_NYELV_FORDITASA','Translation of the name of the language');
INSERT INTO k_szotarbejegyzesek (lang,keystr,valuestr) VALUES ('en','DC_NYELVEK','Languages');
INSERT INTO k_szotarbejegyzesek (lang,keystr,valuestr) VALUES ('en','DC_NYELVI_ADATOK','Languages, translations');
INSERT INTO k_szotarbejegyzesek (lang,keystr,valuestr) VALUES ('en','DC_NYELVVALTAS','Change language');
INSERT INTO k_szotarbejegyzesek (lang,keystr,valuestr) VALUES ('en','DC_ORSZAG_FORDITASA','Translation of the country');
INSERT INTO k_szotarbejegyzesek (lang,keystr,valuestr) VALUES ('en','DC_ORSZAG_NEVE','Name of the country');
INSERT INTO k_szotarbejegyzesek (lang,keystr,valuestr) VALUES ('en','DC_ORSZAGOK','Countries');
INSERT INTO k_szotarbejegyzesek (lang,keystr,valuestr) VALUES ('en','DC_SZO','Word');
INSERT INTO k_szotarbejegyzesek (lang,keystr,valuestr) VALUES ('en','DC_SZO_AZ_AKTUALIS_NYELVEN','Word in the actual language');
INSERT INTO k_szotarbejegyzesek (lang,keystr,valuestr) VALUES ('en','DC_SZO_AZ_ALAP_NYELVEN','Word in the base language');
INSERT INTO k_szotarbejegyzesek (lang,keystr,valuestr) VALUES ('en','DC_SZO_FELVITELE','Record a word');
INSERT INTO k_szotarbejegyzesek (lang,keystr,valuestr) VALUES ('en','DC_SZOTAR','Dictionary');
INSERT INTO k_szotarbejegyzesek (lang,keystr,valuestr) VALUES ('en','DC_UJ_NYELV','Define new language');
INSERT INTO k_szotarbejegyzesek (lang,keystr,valuestr) VALUES ('en','DC_UJ_ORSZAG','Define new country');
INSERT INTO k_szotarbejegyzesek (lang,keystr,valuestr) VALUES ('en','DC_VALASSZ_CSOPORTOT','Choose a group');
INSERT INTO k_szotarbejegyzesek (lang,keystr,valuestr) VALUES ('en','DC_VALASSZ_NYELVET','Choose a language');
INSERT INTO k_szotarbejegyzesek (lang,keystr,valuestr) VALUES ('en','DC_VALTSON_NYELVET_A_FORDITASHOZ','If you want to translate the words and expressions of the new language, switch to that new language, and choose the Translations menu.');
INSERT INTO k_szotarbejegyzesek (lang,keystr,valuestr) VALUES ('en','DC_VERSENY_SZOTAR_BEJEGYZES_ADATAI','Properties of entry of dictionary');
INSERT INTO k_szotarbejegyzesek (lang,keystr,valuestr) VALUES ('en','DC_X_NYELVEN',' ');
INSERT INTO k_szotarbejegyzesek (lang,keystr,valuestr) VALUES ('en','DC_BS_TITLE','Basic words');
INSERT INTO k_szotarbejegyzesek (lang,keystr,valuestr) VALUES ('en','DC_DC_TITLE','Expressions for the dictionary');
INSERT INTO k_szotarbejegyzesek (lang,keystr,valuestr) VALUES ('en','DC_ER_TITLE','Error messages');
INSERT INTO k_szotarbejegyzesek (lang,keystr,valuestr) VALUES ('en','DC_FT_TITLE','Expressions for the features');
INSERT INTO k_szotarbejegyzesek (lang,keystr,valuestr) VALUES ('en','DC_IF_TITLE','Expressions for the importing');
INSERT INTO k_szotarbejegyzesek (lang,keystr,valuestr) VALUES ('en','DC_RA_TITLE','Basic words for the competition');
INSERT INTO k_szotarbejegyzesek (lang,keystr,valuestr) VALUES ('en','DC_RB_TITLE','Other words for the competition');
INSERT INTO k_szotarbejegyzesek (lang,keystr,valuestr) VALUES ('en','DC_LG_TITLE','Names of the languages');
INSERT INTO k_szotarbejegyzesek (lang,keystr,valuestr) VALUES ('en','DC_CY_TITLE','Names of the countries');
INSERT INTO k_szotarbejegyzesek (lang,keystr,valuestr) VALUES ('en','ER_ADAT_NINCS_KIJELOLVE','No data selected');
INSERT INTO k_szotarbejegyzesek (lang,keystr,valuestr) VALUES ('en','ER_ALAPADAT_FFRISSITENDO','Basic data must be updated');
INSERT INTO k_szotarbejegyzesek (lang,keystr,valuestr) VALUES ('en','ER_ALAPNYELVI_SZO_NEM_TOROLHETO','Can''t delete word from the base language');
INSERT INTO k_szotarbejegyzesek (lang,keystr,valuestr) VALUES ('en','ER_AUTO_MASIK_CSAPATBAN','A car is already nominated to another team');
INSERT INTO k_szotarbejegyzesek (lang,keystr,valuestr) VALUES ('en','ER_AZONOS_RAJTSZAMOK','A car can''t be nominated twice to a team');
INSERT INTO k_szotarbejegyzesek (lang,keystr,valuestr) VALUES ('en','ER_BACKUP','Error in backup process');
INSERT INTO k_szotarbejegyzesek (lang,keystr,valuestr) VALUES ('en','ER_DUPLA_IDOLIMIT','There''s already a timezone with the same time-limit');
INSERT INTO k_szotarbejegyzesek (lang,keystr,valuestr) VALUES ('en','ER_DUPLA_RAJTSZAM','Starting number already exists');
INSERT INTO k_szotarbejegyzesek (lang,keystr,valuestr) VALUES ('en','ER_FORDITAS_NEM_LETEZIK_AZ_ALAPNYELVEN','Can''t import a word, because there''s no translation for that in the base language');
INSERT INTO k_szotarbejegyzesek (lang,keystr,valuestr) VALUES ('en','ER_HIANYZO_ADAT','Can''t update, because some data are missing');
INSERT INTO k_szotarbejegyzesek (lang,keystr,valuestr) VALUES ('en','ER_HIBAS_ALAPNYELV','The selected language can''t be used as base language');
INSERT INTO k_szotarbejegyzesek (lang,keystr,valuestr) VALUES ('en','ER_HIBAS_KOD','Invalid code');
INSERT INTO k_szotarbejegyzesek (lang,keystr,valuestr) VALUES ('en','ER_HIBAS_NEV','Invalid name');
INSERT INTO k_szotarbejegyzesek (lang,keystr,valuestr) VALUES ('en','ER_HIBAS_SABLON_VALASZTAS','There''s no correct model selected');
INSERT INTO k_szotarbejegyzesek (lang,keystr,valuestr) VALUES ('en','ER_IMPORTALASI_HIBA','An error occured while importing');
INSERT INTO k_szotarbejegyzesek (lang,keystr,valuestr) VALUES ('en','ER_LEZARAS_MIATT_NEM_HAJTHATO_VEGRE','The operation can''t be performed, because the competition is locked');
INSERT INTO k_szotarbejegyzesek (lang,keystr,valuestr) VALUES ('en','ER_MAR_LETEZIK_ILYEN_NEV','The name already exists');
INSERT INTO k_szotarbejegyzesek (lang,keystr,valuestr) VALUES ('en','ER_MAR_LETEZO_FELADATTIPUS','The task-type has already assigned to the etap');
INSERT INTO k_szotarbejegyzesek (lang,keystr,valuestr) VALUES ('en','ER_MAR_LETEZO_KOD','Code already exists');
INSERT INTO k_szotarbejegyzesek (lang,keystr,valuestr) VALUES ('en','ER_NEM_LEHET_ADATOT_FELVINNI_NINCS_AUTOTIPUS','Can''t record data, because there''s no car-type');
INSERT INTO k_szotarbejegyzesek (lang,keystr,valuestr) VALUES ('en','ER_NEM_LEHET_ADATOT_FELVINNI_NINCS_EGYENI_NEVEZES','Can''t record data, because there''s no single nomination');
INSERT INTO k_szotarbejegyzesek (lang,keystr,valuestr) VALUES ('en','ER_NEM_LEHET_ADATOT_FELVINNI_NINCS_ETAP','Can''t record data, because there''s no etap');
INSERT INTO k_szotarbejegyzesek (lang,keystr,valuestr) VALUES ('en','ER_NEM_LEHET_ADATOT_FELVINNI_NINCS_SZLALOM','Can''t record data, because there''s no technical race');
INSERT INTO k_szotarbejegyzesek (lang,keystr,valuestr) VALUES ('en','ER_NEM_LETEZIK_DARABFUGGO_FELADAT_TIPUS','No count-dependent task type');
INSERT INTO k_szotarbejegyzesek (lang,keystr,valuestr) VALUES ('en','ER_NEM_LETEZIK_SORRENDFUGGO_FELADAT_TIPUS','No order-dependent task type');
INSERT INTO k_szotarbejegyzesek (lang,keystr,valuestr) VALUES ('en','ER_NEM_LETEZIK_SZLALOM_KATEGORIA','No technical category');
INSERT INTO k_szotarbejegyzesek (lang,keystr,valuestr) VALUES ('en','ER_NEM_LETEZO_RAJTSZAM','No such starting number');
INSERT INTO k_szotarbejegyzesek (lang,keystr,valuestr) VALUES ('en','ER_NEM_MEGJELENITHETO_MERT_FRISSITENDO','Can''t display, because update is required');
INSERT INTO k_szotarbejegyzesek (lang,keystr,valuestr) VALUES ('en','ER_NEM_TOROLHETO_MERT_HIVATKOZAS_VAN_RA','Can''t delete, because it''s referenced');
INSERT INTO k_szotarbejegyzesek (lang,keystr,valuestr) VALUES ('en','ER_NINCS_ILYEN_NYELV','No such language');
INSERT INTO k_szotarbejegyzesek (lang,keystr,valuestr) VALUES ('en','ER_NINCS_SZOTARNAK_MEGFELELO_MEZO_KIJELOLVE','There''s no inputfield selected for the dictionary');
INSERT INTO k_szotarbejegyzesek (lang,keystr,valuestr) VALUES ('en','ER_NINCS_VERSENY_KIVALASZTVA','There''s no competition selected');
INSERT INTO k_szotarbejegyzesek (lang,keystr,valuestr) VALUES ('en','ER_SESSION_TIMEOUT','Session timeout');
INSERT INTO k_szotarbejegyzesek (lang,keystr,valuestr) VALUES ('en','ER_TUL_SOK_HELYES_BEJEGYZES','Too much correct entries');
INSERT INTO k_szotarbejegyzesek (lang,keystr,valuestr) VALUES ('en','ER_VERSENY_EREDMENY_FRISSITENDO','The final results must be updated');
INSERT INTO k_szotarbejegyzesek (lang,keystr,valuestr) VALUES ('en','FT_ABOUT_COPYRIGHT','All right reserved.');
INSERT INTO k_szotarbejegyzesek (lang,keystr,valuestr) VALUES ('en','FT_ABOUT_DESIGN_BY','Design by:');
INSERT INTO k_szotarbejegyzesek (lang,keystr,valuestr) VALUES ('en','FT_ABOUT_PROGRAM_BY','Programmed by:');
INSERT INTO k_szotarbejegyzesek (lang,keystr,valuestr) VALUES ('en','FT_ABOUT_TEST_BY','Tested by:');
INSERT INTO k_szotarbejegyzesek (lang,keystr,valuestr) VALUES ('en','FT_ABOUT_TEXT','Administrator and evaluator program for orientation car competitions.');
INSERT INTO k_szotarbejegyzesek (lang,keystr,valuestr) VALUES ('en','FT_ADATOK_EXPORTALASA','Export data');
INSERT INTO k_szotarbejegyzesek (lang,keystr,valuestr) VALUES ('en','FT_ATHELYEZES_SZAKASZOK_KOZOTT','Move between sections');
INSERT INTO k_szotarbejegyzesek (lang,keystr,valuestr) VALUES ('en','FT_BACKUP','Backup');
INSERT INTO k_szotarbejegyzesek (lang,keystr,valuestr) VALUES ('en','FT_BACKUP_IN_PROGRESS','Backup process running');
INSERT INTO k_szotarbejegyzesek (lang,keystr,valuestr) VALUES ('en','FT_BACKUP_TIME','Last backup created at ');
INSERT INTO k_szotarbejegyzesek (lang,keystr,valuestr) VALUES ('en','FT_BUNTETESEK_ETAPOKON','Penalties on the etaps:');
INSERT INTO k_szotarbejegyzesek (lang,keystr,valuestr) VALUES ('en','FT_ELLENORZES_TIPUS','Check type');
INSERT INTO k_szotarbejegyzesek (lang,keystr,valuestr) VALUES ('en','FT_ELLENORZES_TIPUS_COMBO','Combo box');
INSERT INTO k_szotarbejegyzesek (lang,keystr,valuestr) VALUES ('en','FT_ELLENORZES_TIPUS_EGYENI','Check as:');
INSERT INTO k_szotarbejegyzesek (lang,keystr,valuestr) VALUES ('en','FT_ELLENORZES_TIPUS_EPLIST','From the given list');
INSERT INTO k_szotarbejegyzesek (lang,keystr,valuestr) VALUES ('en','FT_ELLENORZES_TIPUS_ETALON','From the etalon');
INSERT INTO k_szotarbejegyzesek (lang,keystr,valuestr) VALUES ('en','FT_ELLENORZES_TIPUS_MINT_ALAP','As default');
INSERT INTO k_szotarbejegyzesek (lang,keystr,valuestr) VALUES ('en','FT_ELLENORZES_TIPUS_NINCS','No check');
INSERT INTO k_szotarbejegyzesek (lang,keystr,valuestr) VALUES ('en','FT_ELLENORZES_TIPUS_TEXTBG','Background-color');
INSERT INTO k_szotarbejegyzesek (lang,keystr,valuestr) VALUES ('en','FT_ELLENORZOPONTOK','Cehckpoints');
INSERT INTO k_szotarbejegyzesek (lang,keystr,valuestr) VALUES ('en','FT_EREDMENYEK_EXPORTALASA','Export results');
INSERT INTO k_szotarbejegyzesek (lang,keystr,valuestr) VALUES ('en','FT_ERTEKELENDO','Evaluated');
INSERT INTO k_szotarbejegyzesek (lang,keystr,valuestr) VALUES ('en','FT_EXPORT','Export');
INSERT INTO k_szotarbejegyzesek (lang,keystr,valuestr) VALUES ('en','FT_FELADATOK_ETAPOKON','Tasks on the etaps:');
INSERT INTO k_szotarbejegyzesek (lang,keystr,valuestr) VALUES ('en','FT_IMPORT','Import');
INSERT INTO k_szotarbejegyzesek (lang,keystr,valuestr) VALUES ('en','FT_JELENLEGI_SZAKASZ','Current section');
INSERT INTO k_szotarbejegyzesek (lang,keystr,valuestr) VALUES ('en','FT_KARAKTERTABLA','Charmap');
INSERT INTO k_szotarbejegyzesek (lang,keystr,valuestr) VALUES ('en','FT_KESES_ETAPOKON','Late on the etaps:');
INSERT INTO k_szotarbejegyzesek (lang,keystr,valuestr) VALUES ('en','FT_KOZOS','Common');
INSERT INTO k_szotarbejegyzesek (lang,keystr,valuestr) VALUES ('en','FT_LEZARAS','Lock');
INSERT INTO k_szotarbejegyzesek (lang,keystr,valuestr) VALUES ('en','FT_LEZARAS_MEGTORTENT','Competition locked');
INSERT INTO k_szotarbejegyzesek (lang,keystr,valuestr) VALUES ('en','FT_LEZARASI_FIGYELMEZTETES','On a locked competition no date can be modified, recorded. Do you reallye want to lock the competition?');
INSERT INTO k_szotarbejegyzesek (lang,keystr,valuestr) VALUES ('en','FT_LEZARVA_DATUM','Date of lock');
INSERT INTO k_szotarbejegyzesek (lang,keystr,valuestr) VALUES ('en','FT_MENETLEVEL_FORMULA','Input format for checkpapers');
INSERT INTO k_szotarbejegyzesek (lang,keystr,valuestr) VALUES ('en','FT_MILYEN_FORMABA','To what format');
INSERT INTO k_szotarbejegyzesek (lang,keystr,valuestr) VALUES ('en','FT_MINDENT_TORLES_RAKERDEZES','Do you really want to delete all items?');
INSERT INTO k_szotarbejegyzesek (lang,keystr,valuestr) VALUES ('en','FT_MINDET_TORLI','Delete all');
INSERT INTO k_szotarbejegyzesek (lang,keystr,valuestr) VALUES ('en','FT_MIT_EXPORTALJON','What shall we export');
INSERT INTO k_szotarbejegyzesek (lang,keystr,valuestr) VALUES ('en','FT_NEVJEGY','About');
INSERT INTO k_szotarbejegyzesek (lang,keystr,valuestr) VALUES ('en','FT_NINCSENEK_HIANYZO_ADATOK','No missing data');
INSERT INTO k_szotarbejegyzesek (lang,keystr,valuestr) VALUES ('en','FT_NO_BACKUP','No backup created yet');
INSERT INTO k_szotarbejegyzesek (lang,keystr,valuestr) VALUES ('en','FT_PONTOZAS','Scoring table');
INSERT INTO k_szotarbejegyzesek (lang,keystr,valuestr) VALUES ('en','FT_PONTOZAS_NYOMTATASA','Print the scoring table');
INSERT INTO k_szotarbejegyzesek (lang,keystr,valuestr) VALUES ('en','FT_SAJAT','Own');
INSERT INTO k_szotarbejegyzesek (lang,keystr,valuestr) VALUES ('en','FT_SZLALOMOK_PONTOZASA','Scorign table for technical race');
INSERT INTO k_szotarbejegyzesek (lang,keystr,valuestr) VALUES ('en','FT_TORLES_RAKERDEZES','Do you really want to delete the selected item?');
INSERT INTO k_szotarbejegyzesek (lang,keystr,valuestr) VALUES ('en','FT_UJ_SZAKASZ','New section');
INSERT INTO k_szotarbejegyzesek (lang,keystr,valuestr) VALUES ('en','IF_ADATBAZISBOL','From database');
INSERT INTO k_szotarbejegyzesek (lang,keystr,valuestr) VALUES ('en','IF_ALAPOK','Basic data');
INSERT INTO k_szotarbejegyzesek (lang,keystr,valuestr) VALUES ('en','IF_AZONOS_RAJTSZAM','You want ot import a nomination with a currently exist starting number.');
INSERT INTO k_szotarbejegyzesek (lang,keystr,valuestr) VALUES ('en','IF_FAJLBOL','From file');
INSERT INTO k_szotarbejegyzesek (lang,keystr,valuestr) VALUES ('en','IF_FELADAT_ES_BUNTETES_TIPUSOK','Task- and penalty-types');
INSERT INTO k_szotarbejegyzesek (lang,keystr,valuestr) VALUES ('en','IF_HIBAS_FORRASFAJL','Invalid sourcefile');
INSERT INTO k_szotarbejegyzesek (lang,keystr,valuestr) VALUES ('en','IF_HIBAS_FORRASFAJL_TOBB_VERSENY','Invalid sourcefile: more than one competition in source');
INSERT INTO k_szotarbejegyzesek (lang,keystr,valuestr) VALUES ('en','IF_HIBAS_NYELV','Az source data references a language not installed to the current database.');
INSERT INTO k_szotarbejegyzesek (lang,keystr,valuestr) VALUES ('en','IF_HIBAS_ORSZAG','Az source data references a country not installed to the current database.');
INSERT INTO k_szotarbejegyzesek (lang,keystr,valuestr) VALUES ('en','IF_IMPORT_SUBTYPES','Import objects');
INSERT INTO k_szotarbejegyzesek (lang,keystr,valuestr) VALUES ('en','IF_IMPORT_WIZARD','Import wizard');
INSERT INTO k_szotarbejegyzesek (lang,keystr,valuestr) VALUES ('en','IF_LEZART_VERSENYHEZ_NEM_LEHET_IMPORTALNI','Can''t import data to a locked competition.');
INSERT INTO k_szotarbejegyzesek (lang,keystr,valuestr) VALUES ('en','IF_MEGSZAKITAS','Cancel');
INSERT INTO k_szotarbejegyzesek (lang,keystr,valuestr) VALUES ('en','IF_MSG_ABORT','You can cancel the importing session any time by clicking the cancel button on the top-right corner.');
INSERT INTO k_szotarbejegyzesek (lang,keystr,valuestr) VALUES ('en','IF_MSG_CSAK_XML2006','Only files with ''GeoResults2006XML'' fromat can be imported.');
INSERT INTO k_szotarbejegyzesek (lang,keystr,valuestr) VALUES ('en','IF_MSG_ETAPOK_MELYIK_SZAKASZBA','Into which section do you want to import the new etaps?');
INSERT INTO k_szotarbejegyzesek (lang,keystr,valuestr) VALUES ('en','IF_MSG_HIBA','The following error occured while importing:');
INSERT INTO k_szotarbejegyzesek (lang,keystr,valuestr) VALUES ('en','IF_MSG_IMPORT_CATEGORY','What do you want to import?');
INSERT INTO k_szotarbejegyzesek (lang,keystr,valuestr) VALUES ('en','IF_MSG_IMPORT_DEPENDENCIES','The importing of some objects are dependent of some other objects. What shall we do with the dependent objects?');
INSERT INTO k_szotarbejegyzesek (lang,keystr,valuestr) VALUES ('en','IF_MSG_IMPORTALAS_VEGREHAJTASA','The prepare of the importing has finished. If you click on the button, then the data will be imported to thecurrent database.');
INSERT INTO k_szotarbejegyzesek (lang,keystr,valuestr) VALUES ('en','IF_MSG_INTRO','The importintg wizard can import data to the current competition from other competitions or from external files.');
INSERT INTO k_szotarbejegyzesek (lang,keystr,valuestr) VALUES ('en','IF_MSG_LETEZO_FUTAM_FIGYELMEZTETES','The current competition already contains some checkpapers / technical rounds like we will import. If you continue, these checkpapers / technical rounds will be deleted.');
INSERT INTO k_szotarbejegyzesek (lang,keystr,valuestr) VALUES ('en','IF_MSG_MEGSZAKITVA','The importint session has benn cancelled.');
INSERT INTO k_szotarbejegyzesek (lang,keystr,valuestr) VALUES ('en','IF_MSG_MELYIK_ALAPOK','Which groups of the basic types do you want to import?');
INSERT INTO k_szotarbejegyzesek (lang,keystr,valuestr) VALUES ('en','IF_MSG_MELYIK_ETAPOK','Which etaps do you want to import?');
INSERT INTO k_szotarbejegyzesek (lang,keystr,valuestr) VALUES ('en','IF_MSG_MELYIK_NYELVEK','Which languages do you want to import (with it''s translations)?');
INSERT INTO k_szotarbejegyzesek (lang,keystr,valuestr) VALUES ('en','IF_MSG_MENETLEVELEK_HONNAN','Which checkpapers do you want tom import?');
INSERT INTO k_szotarbejegyzesek (lang,keystr,valuestr) VALUES ('en','IF_MSG_MENETLEVELEK_HOVA','To which etap do you want to add the checkpapers?');
INSERT INTO k_szotarbejegyzesek (lang,keystr,valuestr) VALUES ('en','IF_MSG_MINDEN_RAJTSZAM_FIGYELMEZTETES','The datasource some checkpaper / technical round for nominator with a starting number that is not exist in the current competition. If you continue, the checkpapers / technical rounds with such a starting number will not be imported.');
INSERT INTO k_szotarbejegyzesek (lang,keystr,valuestr) VALUES ('en','IF_MSG_RECOGNISE_ASSIGN','Choose the exist objects belongs to the referenced objects!');
INSERT INTO k_szotarbejegyzesek (lang,keystr,valuestr) VALUES ('en','IF_MSG_SIKERES','The importing session completed succesfully');
INSERT INTO k_szotarbejegyzesek (lang,keystr,valuestr) VALUES ('en','IF_MSG_START','Click on the button to start');
INSERT INTO k_szotarbejegyzesek (lang,keystr,valuestr) VALUES ('en','IF_MSG_SZLALOM_FUTAMOK_HONNAN','Which technical rounds do you want to import?');
INSERT INTO k_szotarbejegyzesek (lang,keystr,valuestr) VALUES ('en','IF_MSG_SZLALOM_FUTAMOK_HOVA','To which technical race do you want to add the rounds?');
INSERT INTO k_szotarbejegyzesek (lang,keystr,valuestr) VALUES ('en','IF_MSG_VALASSZON_ADATFORRAST','Choose a datasource for the importing!');
INSERT INTO k_szotarbejegyzesek (lang,keystr,valuestr) VALUES ('en','IF_MSG_VERSENY_FIGYELMEZTETES','If you import a full competition, than it will not included to the current competition, but it will appear as a new, independent competition.');
INSERT INTO k_szotarbejegyzesek (lang,keystr,valuestr) VALUES ('en','IF_NINCS_ADAT_KIJELOLVE','No data selected');
INSERT INTO k_szotarbejegyzesek (lang,keystr,valuestr) VALUES ('en','IF_NINCS_AUTOTIPUS','Current competition have no car-type.');
INSERT INTO k_szotarbejegyzesek (lang,keystr,valuestr) VALUES ('en','IF_NINCS_BT','Current competition have no penalty type.');
INSERT INTO k_szotarbejegyzesek (lang,keystr,valuestr) VALUES ('en','IF_NINCS_DFFT','Current competition have no count-dependent.');
INSERT INTO k_szotarbejegyzesek (lang,keystr,valuestr) VALUES ('en','IF_NINCS_ETAP','Current competition have no etap.');
INSERT INTO k_szotarbejegyzesek (lang,keystr,valuestr) VALUES ('en','IF_NINCS_ETAP_KIJELOLVE','There''s no etap selected');
INSERT INTO k_szotarbejegyzesek (lang,keystr,valuestr) VALUES ('en','IF_NINCS_KATEGORIA_KIJELOLVE','There''s no category selected');
INSERT INTO k_szotarbejegyzesek (lang,keystr,valuestr) VALUES ('en','IF_NINCS_NYELV_KIJELOLVE','There''s no language selected');
INSERT INTO k_szotarbejegyzesek (lang,keystr,valuestr) VALUES ('en','IF_NINCS_SFFT','Current competition have no order-dependent task type.');
INSERT INTO k_szotarbejegyzesek (lang,keystr,valuestr) VALUES ('en','IF_NINCS_SZAKASZ','Current competition have no section.');
INSERT INTO k_szotarbejegyzesek (lang,keystr,valuestr) VALUES ('en','IF_NINCS_SZLALOM','Current competition have no technical race.');
INSERT INTO k_szotarbejegyzesek (lang,keystr,valuestr) VALUES ('en','IF_NINCS_SZLALOMFELADAT','Current competition have no technical task.');
INSERT INTO k_szotarbejegyzesek (lang,keystr,valuestr) VALUES ('en','IF_NINCS_SZLALOMKATEGORIA','Current competition have no technical category.');
INSERT INTO k_szotarbejegyzesek (lang,keystr,valuestr) VALUES ('en','IF_RECOGNISE_SUBTYPES','Recognise object by it''s name');
INSERT INTO k_szotarbejegyzesek (lang,keystr,valuestr) VALUES ('en','IF_START','Start importing session');
INSERT INTO k_szotarbejegyzesek (lang,keystr,valuestr) VALUES ('en','IF_TELJES_VERSENY','Full competition');
INSERT INTO k_szotarbejegyzesek (lang,keystr,valuestr) VALUES ('en','RA_ATVITT_PONT','Transmitted points');
INSERT INTO k_szotarbejegyzesek (lang,keystr,valuestr) VALUES ('en','RA_AUTO','Car');
INSERT INTO k_szotarbejegyzesek (lang,keystr,valuestr) VALUES ('en','RA_AUTOTIPUS','Car-type');
INSERT INTO k_szotarbejegyzesek (lang,keystr,valuestr) VALUES ('en','RA_AUTOTIPUS_ADATAI','Properties of car-type');
INSERT INTO k_szotarbejegyzesek (lang,keystr,valuestr) VALUES ('en','RA_AUTOTIPUSOK','Car-types');
INSERT INTO k_szotarbejegyzesek (lang,keystr,valuestr) VALUES ('en','RA_BUNTETES','Penalty');
INSERT INTO k_szotarbejegyzesek (lang,keystr,valuestr) VALUES ('en','RA_BUNTETES_TIPUSOK','Penalty types');
INSERT INTO k_szotarbejegyzesek (lang,keystr,valuestr) VALUES ('en','RA_BUNTETESEK','Penalties');
INSERT INTO k_szotarbejegyzesek (lang,keystr,valuestr) VALUES ('en','RA_BUNTETESTIPUS_ADATAI','Properties of penalty type');
INSERT INTO k_szotarbejegyzesek (lang,keystr,valuestr) VALUES ('en','RA_DARABFUGGO_FELADAT_TIPUS_ADATAI','Properties of count-dependent task type');
INSERT INTO k_szotarbejegyzesek (lang,keystr,valuestr) VALUES ('en','RA_DARABFUGGO_FELADAT_TIPUSOK','Count-dependent task types');
INSERT INTO k_szotarbejegyzesek (lang,keystr,valuestr) VALUES ('en','RA_DARABFUGGO_FELADATOK','Count-dependent tasks');
INSERT INTO k_szotarbejegyzesek (lang,keystr,valuestr) VALUES ('en','RA_ERKEZES','Arrive');
INSERT INTO k_szotarbejegyzesek (lang,keystr,valuestr) VALUES ('en','RA_ERKEZESI_IDO','Arrivel time');
INSERT INTO k_szotarbejegyzesek (lang,keystr,valuestr) VALUES ('en','RA_ERVENYES','Valid');
INSERT INTO k_szotarbejegyzesek (lang,keystr,valuestr) VALUES ('en','RA_ETALON','Etalon');
INSERT INTO k_szotarbejegyzesek (lang,keystr,valuestr) VALUES ('en','RA_ETAPFELADAT_ADATAI','Properties of task of etap');
INSERT INTO k_szotarbejegyzesek (lang,keystr,valuestr) VALUES ('en','RA_FELADATTIPUSOK','Task types');
INSERT INTO k_szotarbejegyzesek (lang,keystr,valuestr) VALUES ('en','RA_HIANY','Miss');
INSERT INTO k_szotarbejegyzesek (lang,keystr,valuestr) VALUES ('en','RA_HIANY_HIBAPONT','Point for miss');
INSERT INTO k_szotarbejegyzesek (lang,keystr,valuestr) VALUES ('en','RA_HIANYZO_ADATOK','Missing data');
INSERT INTO k_szotarbejegyzesek (lang,keystr,valuestr) VALUES ('en','RA_IDO_ADATOK','Time data');
INSERT INTO k_szotarbejegyzesek (lang,keystr,valuestr) VALUES ('en','RA_IDOLIMIT','Time limit');
INSERT INTO k_szotarbejegyzesek (lang,keystr,valuestr) VALUES ('en','RA_IDOLIMIT_ATLEPESE','Overrun of the time limit');
INSERT INTO k_szotarbejegyzesek (lang,keystr,valuestr) VALUES ('en','RA_INDULAS','Start');
INSERT INTO k_szotarbejegyzesek (lang,keystr,valuestr) VALUES ('en','RA_INDULASI_IDO','Start time');
INSERT INTO k_szotarbejegyzesek (lang,keystr,valuestr) VALUES ('en','RA_KATEGORIA','Category');
INSERT INTO k_szotarbejegyzesek (lang,keystr,valuestr) VALUES ('en','RA_KESES','Late');
INSERT INTO k_szotarbejegyzesek (lang,keystr,valuestr) VALUES ('en','RA_KESESERT_BUNTETOPONT','Penalty points for late on the section');
INSERT INTO k_szotarbejegyzesek (lang,keystr,valuestr) VALUES ('en','RA_KESESI_ZONA_ADATAI','Properties of timezone for late');
INSERT INTO k_szotarbejegyzesek (lang,keystr,valuestr) VALUES ('en','RA_KESESI_ZONAK','Timezones for late');
INSERT INTO k_szotarbejegyzesek (lang,keystr,valuestr) VALUES ('en','RA_KEZDETE_DATUM','Start of competition');
INSERT INTO k_szotarbejegyzesek (lang,keystr,valuestr) VALUES ('en','RA_MEGENGEDETT_KESES_ETAPONKENT','Time limit on each etap');
INSERT INTO k_szotarbejegyzesek (lang,keystr,valuestr) VALUES ('en','RA_SORRENDFUGGO_FELADAT_TIPUS_ADATAI','Properties of order-dependent task type');
INSERT INTO k_szotarbejegyzesek (lang,keystr,valuestr) VALUES ('en','RA_SORRENDFUGGO_FELADAT_TIPUSOK','Order-dependent task types');
INSERT INTO k_szotarbejegyzesek (lang,keystr,valuestr) VALUES ('en','RA_SORRENDFUGGO_FELADATOK','Order-dependent tasks');
INSERT INTO k_szotarbejegyzesek (lang,keystr,valuestr) VALUES ('en','RA_SZLALOM_ATVITT_PONT','Transmitted points from technical race');
INSERT INTO k_szotarbejegyzesek (lang,keystr,valuestr) VALUES ('en','RA_TOBBLET','Surplus');
INSERT INTO k_szotarbejegyzesek (lang,keystr,valuestr) VALUES ('en','RA_TOBBLET_HIBAPONT','Point for surplus');
INSERT INTO k_szotarbejegyzesek (lang,keystr,valuestr) VALUES ('en','RA_VEGE_DATUM','End of competition');
INSERT INTO k_szotarbejegyzesek (lang,keystr,valuestr) VALUES ('en','RB_CSAPAT','Team');
INSERT INTO k_szotarbejegyzesek (lang,keystr,valuestr) VALUES ('en','RB_CSAPAT_EREDMENY','Results of team-competition');
INSERT INTO k_szotarbejegyzesek (lang,keystr,valuestr) VALUES ('en','RB_CSAPAT_NEVEZESEK','Team-nominations');
INSERT INTO k_szotarbejegyzesek (lang,keystr,valuestr) VALUES ('en','RB_CSAPATNEVEZES_ADATAI','Properties of team-monination');
INSERT INTO k_szotarbejegyzesek (lang,keystr,valuestr) VALUES ('en','RB_EGYENI','Single');
INSERT INTO k_szotarbejegyzesek (lang,keystr,valuestr) VALUES ('en','RB_ETAP','Etap');
INSERT INTO k_szotarbejegyzesek (lang,keystr,valuestr) VALUES ('en','RB_ETAP_ADATAI','Properties of etap');
INSERT INTO k_szotarbejegyzesek (lang,keystr,valuestr) VALUES ('en','RB_ETAPOK','Etaps');
INSERT INTO k_szotarbejegyzesek (lang,keystr,valuestr) VALUES ('en','RB_MENETLEVEL','Checkpaper');
INSERT INTO k_szotarbejegyzesek (lang,keystr,valuestr) VALUES ('en','RB_MENETLEVELEK','Checkpapers');
INSERT INTO k_szotarbejegyzesek (lang,keystr,valuestr) VALUES ('en','RB_MINDEN_ETAP_EREDMENY','Results of all etaps');
INSERT INTO k_szotarbejegyzesek (lang,keystr,valuestr) VALUES ('en','RB_MINDEN_SZLALOM_EREDMENY','Results of all technical race');
INSERT INTO k_szotarbejegyzesek (lang,keystr,valuestr) VALUES ('en','RB_NAVIGATOR','Co-driver');
INSERT INTO k_szotarbejegyzesek (lang,keystr,valuestr) VALUES ('en','RB_NEVEZES_ADATAI','Properties of nomination');
INSERT INTO k_szotarbejegyzesek (lang,keystr,valuestr) VALUES ('en','RB_NEVEZESEK','Nominations');
INSERT INTO k_szotarbejegyzesek (lang,keystr,valuestr) VALUES ('en','RB_NEVEZESI_LISTA','List of nominators');
INSERT INTO k_szotarbejegyzesek (lang,keystr,valuestr) VALUES ('en','RB_OSSZESITETT','Summary');
INSERT INTO k_szotarbejegyzesek (lang,keystr,valuestr) VALUES ('en','RB_OSSZESITETT_EREDMENYEK','Summarised results');
INSERT INTO k_szotarbejegyzesek (lang,keystr,valuestr) VALUES ('en','RB_RAJTSZAM','Starting number');
INSERT INTO k_szotarbejegyzesek (lang,keystr,valuestr) VALUES ('en','RB_RAJTSZAM_ROVIDITVE','Num.');
INSERT INTO k_szotarbejegyzesek (lang,keystr,valuestr) VALUES ('en','RB_RESZLETES','Detailed');
INSERT INTO k_szotarbejegyzesek (lang,keystr,valuestr) VALUES ('en','RB_RESZLETES_BEVITEL','Detailed input');
INSERT INTO k_szotarbejegyzesek (lang,keystr,valuestr) VALUES ('en','RB_RESZLETES_EREDMENYEK','Detailed results');
INSERT INTO k_szotarbejegyzesek (lang,keystr,valuestr) VALUES ('en','RB_SOFOR','Driver');
INSERT INTO k_szotarbejegyzesek (lang,keystr,valuestr) VALUES ('en','RB_SZAKASZ_ADATAI','Properties of section');
INSERT INTO k_szotarbejegyzesek (lang,keystr,valuestr) VALUES ('en','RB_SZAKASZOK','Sections');
INSERT INTO k_szotarbejegyzesek (lang,keystr,valuestr) VALUES ('en','RB_SZLALOM','Technical race');
INSERT INTO k_szotarbejegyzesek (lang,keystr,valuestr) VALUES ('en','RB_SZLALOM_ADATAI','Properties of technical race');
INSERT INTO k_szotarbejegyzesek (lang,keystr,valuestr) VALUES ('en','RB_SZLALOM_FELADAT_ADATAI','Properties of technical task');
INSERT INTO k_szotarbejegyzesek (lang,keystr,valuestr) VALUES ('en','RB_SZLALOM_FELADATOK','Technical tasks');
INSERT INTO k_szotarbejegyzesek (lang,keystr,valuestr) VALUES ('en','RB_SZLALOM_FUTAM','Technical round');
INSERT INTO k_szotarbejegyzesek (lang,keystr,valuestr) VALUES ('en','RB_SZLALOM_FUTAM_ADATOK','Properties of technical round');
INSERT INTO k_szotarbejegyzesek (lang,keystr,valuestr) VALUES ('en','RB_SZLALOM_FUTAMOK','Technical rounds');
INSERT INTO k_szotarbejegyzesek (lang,keystr,valuestr) VALUES ('en','RB_SZLALOM_KATEGORIA_ADATAI','Properties of technical category');
INSERT INTO k_szotarbejegyzesek (lang,keystr,valuestr) VALUES ('en','RB_SZLALOM_KATEGORIAK','Technical categories');
INSERT INTO k_szotarbejegyzesek (lang,keystr,valuestr) VALUES ('en','RB_SZLALOM_OSSZESITETT','Summary of technical races');
INSERT INTO k_szotarbejegyzesek (lang,keystr,valuestr) VALUES ('en','RB_SZLALOM_OSSZESITETT_ROVID','Sum.Tech.');
INSERT INTO k_szotarbejegyzesek (lang,keystr,valuestr) VALUES ('en','RB_SZLALOM_PONT','Technical points');
INSERT INTO k_szotarbejegyzesek (lang,keystr,valuestr) VALUES ('en','RB_SZLALOM_REDUKALT_PONTOKKAL','Technical race with recuded points');
INSERT INTO k_szotarbejegyzesek (lang,keystr,valuestr) VALUES ('en','RB_SZLALOMOK','Technical races');
INSERT INTO k_szotarbejegyzesek (lang,keystr,valuestr) VALUES ('en','RB_UJ_VERSENY_LETREHOZASA','Create new competition');
INSERT INTO k_szotarbejegyzesek (lang,keystr,valuestr) VALUES ('en','RB_UTAS','Passenger');
INSERT INTO k_szotarbejegyzesek (lang,keystr,valuestr) VALUES ('en','RB_UTASOK','Passengers');
INSERT INTO k_szotarbejegyzesek (lang,keystr,valuestr) VALUES ('en','RB_VEGEREDMENY','Final results');
INSERT INTO k_szotarbejegyzesek (lang,keystr,valuestr) VALUES ('en','RB_VERSENY','Competition');
INSERT INTO k_szotarbejegyzesek (lang,keystr,valuestr) VALUES ('en','RB_VERSENY_ADATAI','Properties of competition');
INSERT INTO k_szotarbejegyzesek (lang,keystr,valuestr) VALUES ('en','RB_VERSENY_KIVALASZTASA','Choose competition');
INSERT INTO k_szotarbejegyzesek (lang,keystr,valuestr) VALUES ('en','LG_en','English');
INSERT INTO k_szotarbejegyzesek (lang,keystr,valuestr) VALUES ('en','LG_hu','Hungarian');
INSERT INTO k_szotarbejegyzesek (lang,keystr,valuestr) VALUES ('en','CY_hu','Hungary');
INSERT INTO k_szotarbejegyzesek (lang,keystr,valuestr) VALUES ('en','CY_cz','Czech republic');
INSERT INTO k_szotarbejegyzesek (lang,keystr,valuestr) VALUES ('en','CY_sk','Slovakia');
INSERT INTO k_szotarbejegyzesek (lang,keystr,valuestr) VALUES ('en','CY_pl','Poland');
INSERT INTO k_szotarbejegyzesek (lang,keystr,valuestr) VALUES ('en','CY_ro','Romania');
